{
"meta":{"test_sets":[],"test_metrics":[],"learn_metrics":[{"best_value":"Min","name":"RMSE"}],"launch_mode":"Train","parameters":"","iteration_count":1000,"learn_sets":["learn"],"name":"experiment"},
"iterations":[
{"learn":[489.9257689],"iteration":0,"passed_time":0.0008053791304,"remaining_time":0.8045737512},
{"learn":[478.2563431],"iteration":1,"passed_time":0.00183791434,"remaining_time":0.9171192558},
{"learn":[466.2444039],"iteration":2,"passed_time":0.002658584425,"remaining_time":0.8835362238},
{"learn":[454.5953882],"iteration":3,"passed_time":0.003748950273,"remaining_time":0.9334886179},
{"learn":[444.7419001],"iteration":4,"passed_time":0.004325506734,"remaining_time":0.8607758401},
{"learn":[434.9584809],"iteration":5,"passed_time":0.004889938761,"remaining_time":0.8100998548},
{"learn":[425.441833],"iteration":6,"passed_time":0.005473869879,"remaining_time":0.7765075414},
{"learn":[415.4166026],"iteration":7,"passed_time":0.005784397073,"remaining_time":0.7172652371},
{"learn":[406.4809672],"iteration":8,"passed_time":0.006331788228,"remaining_time":0.6972002371},
{"learn":[397.696927],"iteration":9,"passed_time":0.006823473645,"remaining_time":0.6755238909},
{"learn":[389.8164653],"iteration":10,"passed_time":0.007347365895,"remaining_time":0.6605949882},
{"learn":[381.7020568],"iteration":11,"passed_time":0.007791553526,"remaining_time":0.6415045736},
{"learn":[373.4057468],"iteration":12,"passed_time":0.008219825232,"remaining_time":0.6240744234},
{"learn":[366.3397296],"iteration":13,"passed_time":0.008736842802,"remaining_time":0.6153233573},
{"learn":[359.8400221],"iteration":14,"passed_time":0.009264318218,"remaining_time":0.6083568963},
{"learn":[352.5131004],"iteration":15,"passed_time":0.009820750618,"remaining_time":0.603976163},
{"learn":[345.7844708],"iteration":16,"passed_time":0.01034705942,"remaining_time":0.5983034948},
{"learn":[338.4264676],"iteration":17,"passed_time":0.01062629641,"remaining_time":0.579723504},
{"learn":[332.1391043],"iteration":18,"passed_time":0.01113231449,"remaining_time":0.5747789744},
{"learn":[326.2444391],"iteration":19,"passed_time":0.01161066719,"remaining_time":0.5689226925},
{"learn":[320.7335581],"iteration":20,"passed_time":0.01211364375,"remaining_time":0.5647265349},
{"learn":[316.00657],"iteration":21,"passed_time":0.01260570415,"remaining_time":0.5603808482},
{"learn":[310.9384584],"iteration":22,"passed_time":0.01317371935,"remaining_time":0.559596687},
{"learn":[305.8453741],"iteration":23,"passed_time":0.01334546134,"remaining_time":0.5427154279},
{"learn":[300.4697523],"iteration":24,"passed_time":0.01384185487,"remaining_time":0.53983234},
{"learn":[295.5700146],"iteration":25,"passed_time":0.01438853773,"remaining_time":0.5390167595},
{"learn":[291.3041483],"iteration":26,"passed_time":0.01488438962,"remaining_time":0.5363892999},
{"learn":[286.5792471],"iteration":27,"passed_time":0.01556869106,"remaining_time":0.5404559895},
{"learn":[282.6349227],"iteration":28,"passed_time":0.01641481829,"remaining_time":0.5496133985},
{"learn":[278.9099883],"iteration":29,"passed_time":0.01706566295,"remaining_time":0.5517897688},
{"learn":[275.1261632],"iteration":30,"passed_time":0.01772163238,"remaining_time":0.5539439283},
{"learn":[271.6433733],"iteration":31,"passed_time":0.01846605602,"remaining_time":0.5585981946},
{"learn":[268.1363364],"iteration":32,"passed_time":0.01922052086,"remaining_time":0.5632195051},
{"learn":[264.966494],"iteration":33,"passed_time":0.01985769949,"remaining_time":0.5641922856},
{"learn":[261.5733534],"iteration":34,"passed_time":0.02054433416,"remaining_time":0.5664366417},
{"learn":[258.4477157],"iteration":35,"passed_time":0.02203580631,"remaining_time":0.5900699245},
{"learn":[255.756907],"iteration":36,"passed_time":0.02267444321,"remaining_time":0.5901483463},
{"learn":[253.4387332],"iteration":37,"passed_time":0.02333537074,"remaining_time":0.590753333},
{"learn":[251.7125566],"iteration":38,"passed_time":0.02406633667,"remaining_time":0.5930192191},
{"learn":[249.1898353],"iteration":39,"passed_time":0.02470889006,"remaining_time":0.5930133614},
{"learn":[246.9941371],"iteration":40,"passed_time":0.02548360395,"remaining_time":0.596067712},
{"learn":[244.7896085],"iteration":41,"passed_time":0.02623736049,"remaining_time":0.5984616988},
{"learn":[242.5822928],"iteration":42,"passed_time":0.02685124854,"remaining_time":0.597596392},
{"learn":[240.2283714],"iteration":43,"passed_time":0.0274737612,"remaining_time":0.5969299024},
{"learn":[237.9070981],"iteration":44,"passed_time":0.02790140793,"remaining_time":0.5921298794},
{"learn":[235.9776436],"iteration":45,"passed_time":0.02866137251,"remaining_time":0.594411943},
{"learn":[233.9587153],"iteration":46,"passed_time":0.02924205378,"remaining_time":0.5929293033},
{"learn":[231.9809054],"iteration":47,"passed_time":0.02974353041,"remaining_time":0.5899133531},
{"learn":[230.0329029],"iteration":48,"passed_time":0.03038895866,"remaining_time":0.5897938712},
{"learn":[228.384592],"iteration":49,"passed_time":0.03117900517,"remaining_time":0.5924010983},
{"learn":[226.8920891],"iteration":50,"passed_time":0.0318014345,"remaining_time":0.5917561047},
{"learn":[225.4131209],"iteration":51,"passed_time":0.03243977975,"remaining_time":0.5914021384},
{"learn":[224.1640448],"iteration":52,"passed_time":0.0330364186,"remaining_time":0.5902922343},
{"learn":[222.7342742],"iteration":53,"passed_time":0.03361897479,"remaining_time":0.5889546324},
{"learn":[221.2610299],"iteration":54,"passed_time":0.03426006991,"remaining_time":0.588650292},
{"learn":[220.1287962],"iteration":55,"passed_time":0.03495241264,"remaining_time":0.5891978131},
{"learn":[218.9668635],"iteration":56,"passed_time":0.03556105094,"remaining_time":0.5883170357},
{"learn":[217.4018984],"iteration":57,"passed_time":0.03618777173,"remaining_time":0.5877393271},
{"learn":[216.2386602],"iteration":58,"passed_time":0.03690677989,"remaining_time":0.5886318622},
{"learn":[215.0731988],"iteration":59,"passed_time":0.03754566678,"remaining_time":0.5882154461},
{"learn":[214.1407387],"iteration":60,"passed_time":0.03822146861,"remaining_time":0.588359984},
{"learn":[213.1150239],"iteration":61,"passed_time":0.03889093741,"remaining_time":0.5883822466},
{"learn":[211.8605334],"iteration":62,"passed_time":0.03965694338,"remaining_time":0.5898183483},
{"learn":[210.8525884],"iteration":63,"passed_time":0.04039753386,"remaining_time":0.5908139327},
{"learn":[209.8006033],"iteration":64,"passed_time":0.04101483842,"remaining_time":0.5899826757},
{"learn":[208.9791641],"iteration":65,"passed_time":0.0417805944,"remaining_time":0.5912587147},
{"learn":[208.2816529],"iteration":66,"passed_time":0.04196450249,"remaining_time":0.5843713556},
{"learn":[207.2223722],"iteration":67,"passed_time":0.04254472545,"remaining_time":0.5831130018},
{"learn":[206.4884717],"iteration":68,"passed_time":0.04336818707,"remaining_time":0.5851562632},
{"learn":[205.8525343],"iteration":69,"passed_time":0.04367008967,"remaining_time":0.5801883342},
{"learn":[205.0397984],"iteration":70,"passed_time":0.04437951494,"remaining_time":0.5806840757},
{"learn":[204.4332675],"iteration":71,"passed_time":0.04502302661,"remaining_time":0.5802967874},
{"learn":[203.5736505],"iteration":72,"passed_time":0.04573886825,"remaining_time":0.5808209708},
{"learn":[202.9207857],"iteration":73,"passed_time":0.04634121517,"remaining_time":0.5798914223},
{"learn":[202.1218427],"iteration":74,"passed_time":0.04695139507,"remaining_time":0.5790672059},
{"learn":[201.4152055],"iteration":75,"passed_time":0.04753182635,"remaining_time":0.5778869414},
{"learn":[200.7114763],"iteration":76,"passed_time":0.04821358624,"remaining_time":0.5779368844},
{"learn":[199.8399762],"iteration":77,"passed_time":0.04886105607,"remaining_time":0.5775627396},
{"learn":[199.1979714],"iteration":78,"passed_time":0.04946098644,"remaining_time":0.5766274495},
{"learn":[198.5764392],"iteration":79,"passed_time":0.05018586932,"remaining_time":0.5771374972},
{"learn":[198.0243181],"iteration":80,"passed_time":0.05088196188,"remaining_time":0.577290407},
{"learn":[197.2330207],"iteration":81,"passed_time":0.05144385236,"remaining_time":0.5759202008},
{"learn":[196.6532712],"iteration":82,"passed_time":0.05212490395,"remaining_time":0.575885987},
{"learn":[195.8506338],"iteration":83,"passed_time":0.05293528284,"remaining_time":0.5772466558},
{"learn":[195.3813858],"iteration":84,"passed_time":0.0537264543,"remaining_time":0.5783494787},
{"learn":[194.9086891],"iteration":85,"passed_time":0.05439529813,"remaining_time":0.5781081685},
{"learn":[193.9662258],"iteration":86,"passed_time":0.0551389718,"remaining_time":0.5786423133},
{"learn":[193.3635548],"iteration":87,"passed_time":0.05584864706,"remaining_time":0.5787950695},
{"learn":[192.471784],"iteration":88,"passed_time":0.05648424244,"remaining_time":0.578170167},
{"learn":[191.5256601],"iteration":89,"passed_time":0.05709604726,"remaining_time":0.5773044778},
{"learn":[190.6475006],"iteration":90,"passed_time":0.05788692706,"remaining_time":0.5782331506},
{"learn":[190.1642721],"iteration":91,"passed_time":0.05869280617,"remaining_time":0.5792724783},
{"learn":[189.6001968],"iteration":92,"passed_time":0.05951664277,"remaining_time":0.580447258},
{"learn":[189.2262151],"iteration":93,"passed_time":0.06017552873,"remaining_time":0.5799896705},
{"learn":[188.3709505],"iteration":94,"passed_time":0.06084887235,"remaining_time":0.5796655734},
{"learn":[187.6841636],"iteration":95,"passed_time":0.06161221177,"remaining_time":0.5801816609},
{"learn":[187.2253931],"iteration":96,"passed_time":0.06226430638,"remaining_time":0.5796357594},
{"learn":[186.8874794],"iteration":97,"passed_time":0.06295469087,"remaining_time":0.5794401139},
{"learn":[186.3547431],"iteration":98,"passed_time":0.06367749052,"remaining_time":0.5795294844},
{"learn":[185.9236989],"iteration":99,"passed_time":0.06439716531,"remaining_time":0.5795744878},
{"learn":[185.431075],"iteration":100,"passed_time":0.06512763126,"remaining_time":0.579700401},
{"learn":[184.8994639],"iteration":101,"passed_time":0.065848556,"remaining_time":0.5797255224},
{"learn":[184.4426917],"iteration":102,"passed_time":0.06652277457,"remaining_time":0.5793294057},
{"learn":[184.0530706],"iteration":103,"passed_time":0.06721249243,"remaining_time":0.5790614732},
{"learn":[183.9524706],"iteration":104,"passed_time":0.06742581582,"remaining_time":0.574724811},
{"learn":[183.5104914],"iteration":105,"passed_time":0.0681291997,"remaining_time":0.5745990994},
{"learn":[182.9977094],"iteration":106,"passed_time":0.06878533579,"remaining_time":0.5740682697},
{"learn":[182.7556953],"iteration":107,"passed_time":0.06951909326,"remaining_time":0.5741762147},
{"learn":[182.3063535],"iteration":108,"passed_time":0.07009589971,"remaining_time":0.572985749},
{"learn":[181.8184469],"iteration":109,"passed_time":0.07085869749,"remaining_time":0.5733112797},
{"learn":[181.5281434],"iteration":110,"passed_time":0.07166345165,"remaining_time":0.5739532299},
{"learn":[181.3014943],"iteration":111,"passed_time":0.07240966687,"remaining_time":0.5741052159},
{"learn":[181.0239808],"iteration":112,"passed_time":0.07319200541,"remaining_time":0.5745248566},
{"learn":[180.5053561],"iteration":113,"passed_time":0.07395326159,"remaining_time":0.5747595594},
{"learn":[180.0979346],"iteration":114,"passed_time":0.07461685566,"remaining_time":0.5742253675},
{"learn":[179.4958887],"iteration":115,"passed_time":0.07523103537,"remaining_time":0.573312373},
{"learn":[179.105195],"iteration":116,"passed_time":0.07591729506,"remaining_time":0.5729484746},
{"learn":[178.5791462],"iteration":117,"passed_time":0.07656184835,"remaining_time":0.5722673749},
{"learn":[178.3132495],"iteration":118,"passed_time":0.07714232129,"remaining_time":0.5711124795},
{"learn":[178.1665636],"iteration":119,"passed_time":0.07773791853,"remaining_time":0.5700780693},
{"learn":[177.782398],"iteration":120,"passed_time":0.07837788871,"remaining_time":0.5693732576},
{"learn":[177.5661161],"iteration":121,"passed_time":0.07905552379,"remaining_time":0.5689405729},
{"learn":[177.1173247],"iteration":122,"passed_time":0.07981294682,"remaining_time":0.5690727997},
{"learn":[176.5877054],"iteration":123,"passed_time":0.08050874773,"remaining_time":0.5687553469},
{"learn":[176.3324946],"iteration":124,"passed_time":0.08118529953,"remaining_time":0.5682970967},
{"learn":[175.8977614],"iteration":125,"passed_time":0.08186730941,"remaining_time":0.5678732415},
{"learn":[175.4197161],"iteration":126,"passed_time":0.08264164832,"remaining_time":0.568079992},
{"learn":[174.8829182],"iteration":127,"passed_time":0.08343486135,"remaining_time":0.568399993},
{"learn":[174.5241624],"iteration":128,"passed_time":0.08408074791,"remaining_time":0.5677079956},
{"learn":[173.9475323],"iteration":129,"passed_time":0.08487833574,"remaining_time":0.5680319392},
{"learn":[173.5482211],"iteration":130,"passed_time":0.08558696938,"remaining_time":0.5677486747},
{"learn":[173.0789079],"iteration":131,"passed_time":0.08636605807,"remaining_time":0.5679222606},
{"learn":[172.7198852],"iteration":132,"passed_time":0.08718831141,"remaining_time":0.5683629022},
{"learn":[172.5706181],"iteration":133,"passed_time":0.08785486368,"remaining_time":0.5677784474},
{"learn":[172.2317997],"iteration":134,"passed_time":0.0883257584,"remaining_time":0.5659391186},
{"learn":[171.7227831],"iteration":135,"passed_time":0.08883773454,"remaining_time":0.5643809018},
{"learn":[171.2823318],"iteration":136,"passed_time":0.0893943336,"remaining_time":0.5631190503},
{"learn":[171.0297216],"iteration":137,"passed_time":0.0899736816,"remaining_time":0.5620095184},
{"learn":[170.7486195],"iteration":138,"passed_time":0.09056302913,"remaining_time":0.5609695545},
{"learn":[170.5100801],"iteration":139,"passed_time":0.09109108785,"remaining_time":0.5595595397},
{"learn":[170.4742281],"iteration":140,"passed_time":0.09144665461,"remaining_time":0.5571111795},
{"learn":[170.03135],"iteration":141,"passed_time":0.09207604194,"remaining_time":0.5563467886},
{"learn":[169.8485582],"iteration":142,"passed_time":0.09282621531,"remaining_time":0.5563081575},
{"learn":[169.5190529],"iteration":143,"passed_time":0.09346501887,"remaining_time":0.5555976122},
{"learn":[169.1163217],"iteration":144,"passed_time":0.09411136375,"remaining_time":0.5549325242},
{"learn":[168.8152888],"iteration":145,"passed_time":0.09486391201,"remaining_time":0.55488891},
{"learn":[168.4739598],"iteration":146,"passed_time":0.09556021289,"remaining_time":0.5545092626},
{"learn":[168.1422153],"iteration":147,"passed_time":0.0962437227,"remaining_time":0.554051701},
{"learn":[167.76229],"iteration":148,"passed_time":0.0969438984,"remaining_time":0.5536862922},
{"learn":[167.4991079],"iteration":149,"passed_time":0.09772282043,"remaining_time":0.5537626491},
{"learn":[167.2780389],"iteration":150,"passed_time":0.09840412201,"remaining_time":0.5532788052},
{"learn":[166.9477002],"iteration":151,"passed_time":0.09919512681,"remaining_time":0.5534043917},
{"learn":[166.7576473],"iteration":152,"passed_time":0.09985776259,"remaining_time":0.5528073524},
{"learn":[166.5517237],"iteration":153,"passed_time":0.1005624798,"remaining_time":0.5524406355},
{"learn":[166.3724682],"iteration":154,"passed_time":0.1011946586,"remaining_time":0.5516741067},
{"learn":[166.1583185],"iteration":155,"passed_time":0.1019171249,"remaining_time":0.5513977786},
{"learn":[165.8102021],"iteration":156,"passed_time":0.1026108843,"remaining_time":0.5509616271},
{"learn":[165.5719403],"iteration":157,"passed_time":0.1033260593,"remaining_time":0.5506363412},
{"learn":[165.2200076],"iteration":158,"passed_time":0.1039525717,"remaining_time":0.5498371877},
{"learn":[165.0746168],"iteration":159,"passed_time":0.1045874588,"remaining_time":0.5490841588},
{"learn":[164.6674093],"iteration":160,"passed_time":0.1052941759,"remaining_time":0.5487069166},
{"learn":[164.1695189],"iteration":161,"passed_time":0.1060419744,"remaining_time":0.5485381143},
{"learn":[163.8993532],"iteration":162,"passed_time":0.1066029066,"remaining_time":0.5474026551},
{"learn":[163.4480123],"iteration":163,"passed_time":0.1073808703,"remaining_time":0.547380534},
{"learn":[163.0665528],"iteration":164,"passed_time":0.1079658847,"remaining_time":0.5463728104},
{"learn":[162.8161227],"iteration":165,"passed_time":0.1085276918,"remaining_time":0.5452535843},
{"learn":[162.3367773],"iteration":166,"passed_time":0.1090739164,"remaining_time":0.5440633075},
{"learn":[162.0258283],"iteration":167,"passed_time":0.1109677031,"remaining_time":0.5495543393},
{"learn":[161.5321391],"iteration":168,"passed_time":0.1117582913,"remaining_time":0.5495333731},
{"learn":[161.2160745],"iteration":169,"passed_time":0.1123905535,"remaining_time":0.5487303493},
{"learn":[160.7455694],"iteration":170,"passed_time":0.1130353984,"remaining_time":0.5479903234},
{"learn":[160.3575253],"iteration":171,"passed_time":0.1135853728,"remaining_time":0.5467947016},
{"learn":[160.1477405],"iteration":172,"passed_time":0.1141844282,"remaining_time":0.5458411684},
{"learn":[159.7528019],"iteration":173,"passed_time":0.1147816087,"remaining_time":0.5448828091},
{"learn":[159.3715686],"iteration":174,"passed_time":0.1154371615,"remaining_time":0.5442037613},
{"learn":[159.0659944],"iteration":175,"passed_time":0.1160891311,"remaining_time":0.5435082047},
{"learn":[158.702666],"iteration":176,"passed_time":0.1166937696,"remaining_time":0.5425930642},
{"learn":[158.2615937],"iteration":177,"passed_time":0.1174121528,"remaining_time":0.542206683},
{"learn":[158.0455011],"iteration":178,"passed_time":0.1182197818,"remaining_time":0.5422259266},
{"learn":[157.8042431],"iteration":179,"passed_time":0.1188904172,"remaining_time":0.5416119006},
{"learn":[157.41706],"iteration":180,"passed_time":0.1197213368,"remaining_time":0.541722513},
{"learn":[157.0500823],"iteration":181,"passed_time":0.1203362248,"remaining_time":0.5408518236},
{"learn":[156.6980653],"iteration":182,"passed_time":0.1210066519,"remaining_time":0.5402318831},
{"learn":[156.2037217],"iteration":183,"passed_time":0.1216701627,"remaining_time":0.5395807213},
{"learn":[156.0534125],"iteration":184,"passed_time":0.1223243405,"remaining_time":0.5388883108},
{"learn":[155.8169128],"iteration":185,"passed_time":0.1229897261,"remaining_time":0.5382453607},
{"learn":[155.5026527],"iteration":186,"passed_time":0.1236810689,"remaining_time":0.5377150216},
{"learn":[155.2441417],"iteration":187,"passed_time":0.1244000354,"remaining_time":0.5373022806},
{"learn":[155.0169635],"iteration":188,"passed_time":0.125051755,"remaining_time":0.5365977425},
{"learn":[154.8470427],"iteration":189,"passed_time":0.1258346769,"remaining_time":0.5364530962},
{"learn":[154.6920705],"iteration":190,"passed_time":0.1264816884,"remaining_time":0.5357261043},
{"learn":[154.5532294],"iteration":191,"passed_time":0.1272091962,"remaining_time":0.5353387005},
{"learn":[154.3942437],"iteration":192,"passed_time":0.127856166,"remaining_time":0.5346110154},
{"learn":[154.1177305],"iteration":193,"passed_time":0.1285440923,"remaining_time":0.5340543215},
{"learn":[153.8855877],"iteration":194,"passed_time":0.1294659243,"remaining_time":0.5344618927},
{"learn":[153.5748225],"iteration":195,"passed_time":0.1301357681,"remaining_time":0.5338222324},
{"learn":[153.2236139],"iteration":196,"passed_time":0.130789196,"remaining_time":0.5331153521},
{"learn":[152.9952389],"iteration":197,"passed_time":0.1315009128,"remaining_time":0.5326451115},
{"learn":[152.7394368],"iteration":198,"passed_time":0.1323255827,"remaining_time":0.5326270942},
{"learn":[152.4700099],"iteration":199,"passed_time":0.1330389245,"remaining_time":0.5321556978},
{"learn":[152.2938655],"iteration":200,"passed_time":0.134293241,"remaining_time":0.5338323361},
{"learn":[151.951055],"iteration":201,"passed_time":0.1349781257,"remaining_time":0.5332304175},
{"learn":[151.8365953],"iteration":202,"passed_time":0.1356760932,"remaining_time":0.5326790458},
{"learn":[151.6740162],"iteration":203,"passed_time":0.1363148968,"remaining_time":0.5318953815},
{"learn":[151.5014942],"iteration":204,"passed_time":0.1370664034,"remaining_time":0.5315501986},
{"learn":[151.2819882],"iteration":205,"passed_time":0.1378544917,"remaining_time":0.5313420699},
{"learn":[150.8976922],"iteration":206,"passed_time":0.1385280853,"remaining_time":0.530689718},
{"learn":[150.8665718],"iteration":207,"passed_time":0.1392589679,"remaining_time":0.5302553008},
{"learn":[150.4916343],"iteration":208,"passed_time":0.1399726013,"remaining_time":0.5297527638},
{"learn":[150.2491131],"iteration":209,"passed_time":0.1405991138,"remaining_time":0.5289204756},
{"learn":[150.0033972],"iteration":210,"passed_time":0.1414304917,"remaining_time":0.5288561988},
{"learn":[149.7688906],"iteration":211,"passed_time":0.1421589994,"remaining_time":0.5284023185},
{"learn":[149.6903215],"iteration":212,"passed_time":0.1427673877,"remaining_time":0.5275020381},
{"learn":[149.4720969],"iteration":213,"passed_time":0.1433891504,"remaining_time":0.5266536085},
{"learn":[149.2917815],"iteration":214,"passed_time":0.1440669105,"remaining_time":0.5260117429},
{"learn":[149.0450853],"iteration":215,"passed_time":0.1447069223,"remaining_time":0.5252325328},
{"learn":[148.8588256],"iteration":216,"passed_time":0.1454119311,"remaining_time":0.5246891339},
{"learn":[148.650512],"iteration":217,"passed_time":0.1461571464,"remaining_time":0.5242884792},
{"learn":[148.4393154],"iteration":218,"passed_time":0.1468082827,"remaining_time":0.5235491726},
{"learn":[148.3471159],"iteration":219,"passed_time":0.1474548776,"remaining_time":0.5227945659},
{"learn":[148.1373373],"iteration":220,"passed_time":0.1482331746,"remaining_time":0.5225051721},
{"learn":[147.8430252],"iteration":221,"passed_time":0.1491596731,"remaining_time":0.5227307463},
{"learn":[147.6097421],"iteration":222,"passed_time":0.1499430949,"remaining_time":0.5224474653},
{"learn":[147.2061233],"iteration":223,"passed_time":0.1506188134,"remaining_time":0.5217866037},
{"learn":[146.9002022],"iteration":224,"passed_time":0.1514316506,"remaining_time":0.5215979075},
{"learn":[146.7118219],"iteration":225,"passed_time":0.1520991194,"remaining_time":0.5209058339},
{"learn":[146.6837282],"iteration":226,"passed_time":0.1527552555,"remaining_time":0.5201753856},
{"learn":[146.3346916],"iteration":227,"passed_time":0.1534860548,"remaining_time":0.5196983961},
{"learn":[146.1062504],"iteration":228,"passed_time":0.1540746107,"remaining_time":0.5187402832},
{"learn":[145.8637315],"iteration":229,"passed_time":0.1548362002,"remaining_time":0.5183646703},
{"learn":[145.8190216],"iteration":230,"passed_time":0.1555584582,"remaining_time":0.5178547808},
{"learn":[145.6734128],"iteration":231,"passed_time":0.1561709297,"remaining_time":0.5169796293},
{"learn":[145.5030359],"iteration":232,"passed_time":0.1568591059,"remaining_time":0.516355941},
{"learn":[145.236287],"iteration":233,"passed_time":0.1574873267,"remaining_time":0.5155354368},
{"learn":[145.1083245],"iteration":234,"passed_time":0.1581458793,"remaining_time":0.5148153092},
{"learn":[144.8017979],"iteration":235,"passed_time":0.1587633089,"remaining_time":0.5139625761},
{"learn":[144.6740023],"iteration":236,"passed_time":0.1594704842,"remaining_time":0.5134007572},
{"learn":[144.6456244],"iteration":237,"passed_time":0.1600638316,"remaining_time":0.5124732759},
{"learn":[144.60104],"iteration":238,"passed_time":0.1607220092,"remaining_time":0.5117550168},
{"learn":[144.3428279],"iteration":239,"passed_time":0.1614643496,"remaining_time":0.5113037738},
{"learn":[144.1795549],"iteration":240,"passed_time":0.1622208977,"remaining_time":0.5108948604},
{"learn":[144.0891676],"iteration":241,"passed_time":0.1630070694,"remaining_time":0.510575862},
{"learn":[143.8117769],"iteration":242,"passed_time":0.1636420815,"remaining_time":0.5097821221},
{"learn":[143.7837604],"iteration":243,"passed_time":0.1643581314,"remaining_time":0.5092407679},
{"learn":[143.7586149],"iteration":244,"passed_time":0.1650743064,"remaining_time":0.5086983727},
{"learn":[143.7338084],"iteration":245,"passed_time":0.1658087305,"remaining_time":0.5082104991},
{"learn":[143.7137837],"iteration":246,"passed_time":0.1664559503,"remaining_time":0.5074547797},
{"learn":[143.3858294],"iteration":247,"passed_time":0.1671697087,"remaining_time":0.5069016974},
{"learn":[143.2341031],"iteration":248,"passed_time":0.1678415524,"remaining_time":0.5062209071},
{"learn":[143.2078731],"iteration":249,"passed_time":0.1684175256,"remaining_time":0.5052525767},
{"learn":[143.1592003],"iteration":250,"passed_time":0.169030372,"remaining_time":0.5043974049},
{"learn":[143.1187261],"iteration":251,"passed_time":0.1697217981,"remaining_time":0.5037774007},
{"learn":[143.0966746],"iteration":252,"passed_time":0.1702951464,"remaining_time":0.502808199},
{"learn":[142.8690726],"iteration":253,"passed_time":0.1709901557,"remaining_time":0.5021994336},
{"learn":[142.6643066],"iteration":254,"passed_time":0.1716394587,"remaining_time":0.5014564579},
{"learn":[142.6465723],"iteration":255,"passed_time":0.1723742995,"remaining_time":0.5009628079},
{"learn":[142.6278953],"iteration":256,"passed_time":0.172957064,"remaining_time":0.5000276208},
{"learn":[142.3503872],"iteration":257,"passed_time":0.173679572,"remaining_time":0.4994970636},
{"learn":[142.2424896],"iteration":258,"passed_time":0.1743095426,"remaining_time":0.4987002744},
{"learn":[141.9392741],"iteration":259,"passed_time":0.1750471332,"remaining_time":0.4982110715},
{"learn":[141.8701989],"iteration":260,"passed_time":0.1756783122,"remaining_time":0.4974186693},
{"learn":[141.8196062],"iteration":261,"passed_time":0.176332365,"remaining_time":0.4966919289},
{"learn":[141.7919813],"iteration":262,"passed_time":0.1769818347,"remaining_time":0.4959528981},
{"learn":[141.7285518],"iteration":263,"passed_time":0.1776247214,"remaining_time":0.4951961931},
{"learn":[141.4562351],"iteration":264,"passed_time":0.1782514006,"remaining_time":0.494395394},
{"learn":[141.3780678],"iteration":265,"passed_time":0.1788417481,"remaining_time":0.4934956506},
{"learn":[141.1916819],"iteration":266,"passed_time":0.1795007173,"remaining_time":0.4927866135},
{"learn":[141.0271288],"iteration":267,"passed_time":0.1802290584,"remaining_time":0.4922674282},
{"learn":[140.8404614],"iteration":268,"passed_time":0.1809686489,"remaining_time":0.4917772579},
{"learn":[140.6617792],"iteration":269,"passed_time":0.1815886617,"remaining_time":0.4909619372},
{"learn":[140.5572105],"iteration":270,"passed_time":0.1822759213,"remaining_time":0.4903289544},
{"learn":[140.4991324],"iteration":271,"passed_time":0.1828787266,"remaining_time":0.4894695329},
{"learn":[140.2886348],"iteration":272,"passed_time":0.1835583616,"remaining_time":0.4888165892},
{"learn":[140.1755834],"iteration":273,"passed_time":0.1842539958,"remaining_time":0.4882058429},
{"learn":[140.1498688],"iteration":274,"passed_time":0.1849057154,"remaining_time":0.4874787043},
{"learn":[139.9476302],"iteration":275,"passed_time":0.1857171776,"remaining_time":0.4871711471},
{"learn":[139.891534],"iteration":276,"passed_time":0.186437769,"remaining_time":0.486622769},
{"learn":[139.7880541],"iteration":277,"passed_time":0.1871556106,"remaining_time":0.4860660102},
{"learn":[139.7714306],"iteration":278,"passed_time":0.1879146169,"remaining_time":0.4856144758},
{"learn":[139.7534739],"iteration":279,"passed_time":0.1885598785,"remaining_time":0.4848682589},
{"learn":[139.6809458],"iteration":280,"passed_time":0.1892780533,"remaining_time":0.484309325},
{"learn":[139.2238841],"iteration":281,"passed_time":0.1899623964,"remaining_time":0.4836631228},
{"learn":[139.0607368],"iteration":282,"passed_time":0.1906111995,"remaining_time":0.482926608},
{"learn":[138.9210957],"iteration":283,"passed_time":0.191222796,"remaining_time":0.4820969083},
{"learn":[138.490695],"iteration":284,"passed_time":0.1918181016,"remaining_time":0.4812278689},
{"learn":[138.400505],"iteration":285,"passed_time":0.192416782,"remaining_time":0.4803691691},
{"learn":[138.1753552],"iteration":286,"passed_time":0.1930843759,"remaining_time":0.4796834844},
{"learn":[137.819903],"iteration":287,"passed_time":0.1937860099,"remaining_time":0.47908208},
{"learn":[137.7977762],"iteration":288,"passed_time":0.194362483,"remaining_time":0.4781720603},
{"learn":[137.4665837],"iteration":289,"passed_time":0.1950617421,"remaining_time":0.4775649548},
{"learn":[137.4296488],"iteration":290,"passed_time":0.1957553348,"remaining_time":0.4769434101},
{"learn":[137.3731185],"iteration":291,"passed_time":0.1965204658,"remaining_time":0.476494828},
{"learn":[137.3230378],"iteration":292,"passed_time":0.197187018,"remaining_time":0.4758062176},
{"learn":[137.0809472],"iteration":293,"passed_time":0.1979656484,"remaining_time":0.4753868972},
{"learn":[137.0463543],"iteration":294,"passed_time":0.1987380291,"remaining_time":0.4749502051},
{"learn":[136.7935239],"iteration":295,"passed_time":0.1994102478,"remaining_time":0.4742730217},
{"learn":[136.7755212],"iteration":296,"passed_time":0.2001817118,"remaining_time":0.4738307858},
{"learn":[136.4448338],"iteration":297,"passed_time":0.2008363063,"remaining_time":0.4731110302},
{"learn":[136.4270926],"iteration":298,"passed_time":0.2015353987,"remaining_time":0.4724960351},
{"learn":[136.414409],"iteration":299,"passed_time":0.2022107839,"remaining_time":0.4718251624},
{"learn":[136.0103442],"iteration":300,"passed_time":0.203003247,"remaining_time":0.4714261449},
{"learn":[135.92104],"iteration":301,"passed_time":0.2038072095,"remaining_time":0.4710511001},
{"learn":[135.773794],"iteration":302,"passed_time":0.2044361385,"remaining_time":0.4702705892},
{"learn":[135.5844491],"iteration":303,"passed_time":0.2050424852,"remaining_time":0.4694393741},
{"learn":[135.3516859],"iteration":304,"passed_time":0.2057188287,"remaining_time":0.4687691343},
{"learn":[135.3175132],"iteration":305,"passed_time":0.2064464198,"remaining_time":0.4682150829},
{"learn":[135.0740531],"iteration":306,"passed_time":0.2070300176,"remaining_time":0.4673348606},
{"learn":[135.0288369],"iteration":307,"passed_time":0.2076161153,"remaining_time":0.4664621811},
{"learn":[134.8359223],"iteration":308,"passed_time":0.2083285821,"remaining_time":0.465873949},
{"learn":[134.7218274],"iteration":309,"passed_time":0.2090579231,"remaining_time":0.465322474},
{"learn":[134.697359],"iteration":310,"passed_time":0.209669103,"remaining_time":0.464508077},
{"learn":[134.6398107],"iteration":311,"passed_time":0.2102399513,"remaining_time":0.4636060466},
{"learn":[134.3394757],"iteration":312,"passed_time":0.210919128,"remaining_time":0.4629439008},
{"learn":[134.2659402],"iteration":313,"passed_time":0.2115898884,"remaining_time":0.4622632594},
{"learn":[134.2360879],"iteration":314,"passed_time":0.2123024802,"remaining_time":0.4616736475},
{"learn":[133.9373987],"iteration":315,"passed_time":0.212965616,"remaining_time":0.4609762067},
{"learn":[133.6786528],"iteration":316,"passed_time":0.2135502554,"remaining_time":0.4601098563},
{"learn":[133.4632776],"iteration":317,"passed_time":0.2142170993,"remaining_time":0.4594215778},
{"learn":[133.3013106],"iteration":318,"passed_time":0.2148848599,"remaining_time":0.4587353905},
{"learn":[133.1263636],"iteration":319,"passed_time":0.2154957897,"remaining_time":0.4579285532},
{"learn":[132.8835956],"iteration":320,"passed_time":0.2161850076,"remaining_time":0.4572885363},
{"learn":[132.5715156],"iteration":321,"passed_time":0.2168805168,"remaining_time":0.4566614609},
{"learn":[132.3519593],"iteration":322,"passed_time":0.2175744845,"remaining_time":0.4560307307},
{"learn":[132.2042734],"iteration":323,"passed_time":0.2181885392,"remaining_time":0.4552328781},
{"learn":[132.0974375],"iteration":324,"passed_time":0.2189252965,"remaining_time":0.4546910005},
{"learn":[131.947999],"iteration":325,"passed_time":0.2195275185,"remaining_time":0.4538697775},
{"learn":[131.821276],"iteration":326,"passed_time":0.2202684839,"remaining_time":0.4533354425},
{"learn":[131.6993008],"iteration":327,"passed_time":0.220867831,"remaining_time":0.4525097026},
{"learn":[131.6007093],"iteration":328,"passed_time":0.2214852189,"remaining_time":0.4517221334},
{"learn":[131.5331732],"iteration":329,"passed_time":0.2222166431,"remaining_time":0.451167124},
{"learn":[131.39091],"iteration":330,"passed_time":0.222977066,"remaining_time":0.4506696592},
{"learn":[131.0777098],"iteration":331,"passed_time":0.2235987037,"remaining_time":0.4498913678},
{"learn":[130.7987427],"iteration":332,"passed_time":0.2242225497,"remaining_time":0.4491184403},
{"learn":[130.6316298],"iteration":333,"passed_time":0.2247990645,"remaining_time":0.4482520267},
{"learn":[130.4970256],"iteration":334,"passed_time":0.2253989948,"remaining_time":0.4474338256},
{"learn":[130.2862108],"iteration":335,"passed_time":0.2261177113,"remaining_time":0.4468516676},
{"learn":[130.2719123],"iteration":336,"passed_time":0.2268073459,"remaining_time":0.4462114846},
{"learn":[130.1384095],"iteration":337,"passed_time":0.2274649819,"remaining_time":0.4455083373},
{"learn":[129.9170705],"iteration":338,"passed_time":0.2280992023,"remaining_time":0.4447598016},
{"learn":[129.9024322],"iteration":339,"passed_time":0.2287048408,"remaining_time":0.4439564556},
{"learn":[129.7533439],"iteration":340,"passed_time":0.2294518893,"remaining_time":0.4434275514},
{"learn":[129.6468995],"iteration":341,"passed_time":0.2300594859,"remaining_time":0.4426290695},
{"learn":[129.6153265],"iteration":342,"passed_time":0.2307516204,"remaining_time":0.4419936285},
{"learn":[129.3987065],"iteration":343,"passed_time":0.2314153394,"remaining_time":0.4413036705},
{"learn":[129.3723357],"iteration":344,"passed_time":0.2321552633,"remaining_time":0.4407585433},
{"learn":[129.1809376],"iteration":345,"passed_time":0.2327659848,"remaining_time":0.4399680753},
{"learn":[129.1513706],"iteration":346,"passed_time":0.2333379165,"remaining_time":0.4391056469},
{"learn":[128.9008316],"iteration":347,"passed_time":0.2340385088,"remaining_time":0.4384859418},
{"learn":[128.8328068],"iteration":348,"passed_time":0.2347985151,"remaining_time":0.4379765998},
{"learn":[128.6236132],"iteration":349,"passed_time":0.2355321892,"remaining_time":0.4374169228},
{"learn":[128.2306914],"iteration":350,"passed_time":0.2363194025,"remaining_time":0.4369552485},
{"learn":[128.0413964],"iteration":351,"passed_time":0.2369843715,"remaining_time":0.436266684},
{"learn":[127.7017442],"iteration":352,"passed_time":0.2376090091,"remaining_time":0.4355043311},
{"learn":[127.48537],"iteration":353,"passed_time":0.2382228971,"remaining_time":0.43472314},
{"learn":[127.240806],"iteration":354,"passed_time":0.2391233135,"remaining_time":0.4344634851},
{"learn":[127.1542272],"iteration":355,"passed_time":0.2398851947,"remaining_time":0.4339496218},
{"learn":[126.964221],"iteration":356,"passed_time":0.2405832871,"remaining_time":0.4333194779},
{"learn":[126.8911978],"iteration":357,"passed_time":0.2412404648,"remaining_time":0.4326155822},
{"learn":[126.8358868],"iteration":358,"passed_time":0.2419182666,"remaining_time":0.4319487712},
{"learn":[126.6317103],"iteration":359,"passed_time":0.2425905686,"remaining_time":0.4312721219},
{"learn":[126.5777509],"iteration":360,"passed_time":0.2433198263,"remaining_time":0.430696313},
{"learn":[126.5214973],"iteration":361,"passed_time":0.2440455008,"remaining_time":0.4301133411},
{"learn":[126.4668735],"iteration":362,"passed_time":0.2448212146,"remaining_time":0.4296173931},
{"learn":[126.2783664],"iteration":363,"passed_time":0.2455064327,"remaining_time":0.428961789},
{"learn":[125.9618522],"iteration":364,"passed_time":0.2462846464,"remaining_time":0.4284678095},
{"learn":[125.6771783],"iteration":365,"passed_time":0.2470764012,"remaining_time":0.4279957332},
{"learn":[125.6054844],"iteration":366,"passed_time":0.2478926131,"remaining_time":0.4275640984},
{"learn":[125.5559814],"iteration":367,"passed_time":0.248545791,"remaining_time":0.4268503802},
{"learn":[125.4242461],"iteration":368,"passed_time":0.2492007188,"remaining_time":0.4261399826},
{"learn":[125.4090029],"iteration":369,"passed_time":0.2498067739,"remaining_time":0.4253466691},
{"learn":[125.1766363],"iteration":370,"passed_time":0.250383747,"remaining_time":0.424505059},
{"learn":[125.0123412],"iteration":371,"passed_time":0.2511295456,"remaining_time":0.4239498781},
{"learn":[124.8163576],"iteration":372,"passed_time":0.2517673492,"remaining_time":0.4232121393},
{"learn":[124.7469414],"iteration":373,"passed_time":0.2523628631,"remaining_time":0.4224041506},
{"learn":[124.4543359],"iteration":374,"passed_time":0.2529635018,"remaining_time":0.4216058363},
{"learn":[124.0847517],"iteration":375,"passed_time":0.2537420488,"remaining_time":0.4211038257},
{"learn":[123.9840905],"iteration":376,"passed_time":0.2544564322,"remaining_time":0.4204943164},
{"learn":[123.9112586],"iteration":377,"passed_time":0.2551836067,"remaining_time":0.4199052998},
{"learn":[123.8066183],"iteration":378,"passed_time":0.2558729912,"remaining_time":0.4192536346},
{"learn":[123.717104],"iteration":379,"passed_time":0.2565690004,"remaining_time":0.4186125796},
{"learn":[123.4729209],"iteration":380,"passed_time":0.2571997627,"remaining_time":0.4178652312},
{"learn":[123.2804666],"iteration":381,"passed_time":0.2578147757,"remaining_time":0.4170930141},
{"learn":[123.0981362],"iteration":382,"passed_time":0.258474245,"remaining_time":0.4163932353},
{"learn":[122.8063386],"iteration":383,"passed_time":0.2591470469,"remaining_time":0.4157150545},
{"learn":[122.5688632],"iteration":384,"passed_time":0.2599485512,"remaining_time":0.4152424909},
{"learn":[122.3438457],"iteration":385,"passed_time":0.2606024374,"remaining_time":0.4145334108},
{"learn":[122.2781855],"iteration":386,"passed_time":0.2613206956,"remaining_time":0.4139265799},
{"learn":[122.1339854],"iteration":387,"passed_time":0.2619979141,"remaining_time":0.4132544418},
{"learn":[121.9918412],"iteration":388,"passed_time":0.2627177972,"remaining_time":0.4126492907},
{"learn":[121.7214784],"iteration":389,"passed_time":0.2633526009,"remaining_time":0.4119104784},
{"learn":[121.5513158],"iteration":390,"passed_time":0.2639691972,"remaining_time":0.4111438391},
{"learn":[121.3055845],"iteration":391,"passed_time":0.2645976679,"remaining_time":0.4103963829},
{"learn":[121.124489],"iteration":392,"passed_time":0.2652585954,"remaining_time":0.4096996627},
{"learn":[120.9623624],"iteration":393,"passed_time":0.2657948621,"remaining_time":0.4088113869},
{"learn":[120.8973051],"iteration":394,"passed_time":0.2664687474,"remaining_time":0.4081356763},
{"learn":[120.6278826],"iteration":395,"passed_time":0.2671457575,"remaining_time":0.4074647412},
{"learn":[120.4608279],"iteration":396,"passed_time":0.2683791167,"remaining_time":0.4076388094},
{"learn":[120.3616068],"iteration":397,"passed_time":0.2689970879,"remaining_time":0.4068749922},
{"learn":[120.1768448],"iteration":398,"passed_time":0.2696047679,"remaining_time":0.4060964047},
{"learn":[120.1326576],"iteration":399,"passed_time":0.2702918192,"remaining_time":0.4054377288},
{"learn":[120.0170684],"iteration":400,"passed_time":0.2709626629,"remaining_time":0.404754701},
{"learn":[119.8269854],"iteration":401,"passed_time":0.2717072532,"remaining_time":0.4041814364},
{"learn":[119.6355105],"iteration":402,"passed_time":0.2722953508,"remaining_time":0.4033754948},
{"learn":[119.5282509],"iteration":403,"passed_time":0.2729461538,"remaining_time":0.4026631378},
{"learn":[119.3670714],"iteration":404,"passed_time":0.2735947069,"remaining_time":0.4019477793},
{"learn":[119.2296454],"iteration":405,"passed_time":0.2742851331,"remaining_time":0.4012940124},
{"learn":[119.1065059],"iteration":406,"passed_time":0.2751707168,"remaining_time":0.4009244104},
{"learn":[118.9805498],"iteration":407,"passed_time":0.2759230151,"remaining_time":0.4003588846},
{"learn":[118.7874915],"iteration":408,"passed_time":0.2766893127,"remaining_time":0.3998126743},
{"learn":[118.6378613],"iteration":409,"passed_time":0.2774009045,"remaining_time":0.3991866675},
{"learn":[118.5534776],"iteration":410,"passed_time":0.2781277873,"remaining_time":0.3985821575},
{"learn":[118.3158241],"iteration":411,"passed_time":0.278770049,"remaining_time":0.3978562836},
{"learn":[118.1420329],"iteration":412,"passed_time":0.2794476424,"remaining_time":0.3971810318},
{"learn":[118.1267883],"iteration":413,"passed_time":0.2800821545,"remaining_time":0.3964447888},
{"learn":[117.9693306],"iteration":414,"passed_time":0.281409676,"remaining_time":0.3966859288},
{"learn":[117.8450655],"iteration":415,"passed_time":0.2820721868,"remaining_time":0.3959859545},
{"learn":[117.6224062],"iteration":416,"passed_time":0.2827530717,"remaining_time":0.3953118485},
{"learn":[117.5818994],"iteration":417,"passed_time":0.2833807091,"remaining_time":0.3945635711},
{"learn":[117.2795162],"iteration":418,"passed_time":0.2840146379,"remaining_time":0.3938245934},
{"learn":[117.1644135],"iteration":419,"passed_time":0.2846815652,"remaining_time":0.3931316852},
{"learn":[117.0709123],"iteration":420,"passed_time":0.285321702,"remaining_time":0.3924020557},
{"learn":[116.8073398],"iteration":421,"passed_time":0.2859543809,"remaining_time":0.3916626354},
{"learn":[116.6949211],"iteration":422,"passed_time":0.2866721807,"remaining_time":0.3910398305},
{"learn":[116.5373897],"iteration":423,"passed_time":0.28743827,"remaining_time":0.3904821782},
{"learn":[116.3798912],"iteration":424,"passed_time":0.2882337746,"remaining_time":0.3899633421},
{"learn":[116.1174876],"iteration":425,"passed_time":0.2889303255,"remaining_time":0.3893098752},
{"learn":[115.8835032],"iteration":426,"passed_time":0.2895363806,"remaining_time":0.3885347683},
{"learn":[115.8555046],"iteration":427,"passed_time":0.2901795589,"remaining_time":0.3878100647},
{"learn":[115.793627],"iteration":428,"passed_time":0.2908030299,"remaining_time":0.3870595106},
{"learn":[115.6398342],"iteration":429,"passed_time":0.291550245,"remaining_time":0.3864735806},
{"learn":[115.4992569],"iteration":430,"passed_time":0.2923416248,"remaining_time":0.3859452077},
{"learn":[115.3650636],"iteration":431,"passed_time":0.2930298011,"remaining_time":0.3852799237},
{"learn":[115.2188983],"iteration":432,"passed_time":0.2936132739,"remaining_time":0.3844774279},
{"learn":[115.0067605],"iteration":433,"passed_time":0.2942792429,"remaining_time":0.3837835287},
{"learn":[114.9621958],"iteration":434,"passed_time":0.2950789973,"remaining_time":0.3832635252},
{"learn":[114.7387686],"iteration":435,"passed_time":0.2957782147,"remaining_time":0.3826121859},
{"learn":[114.5348236],"iteration":436,"passed_time":0.2965986348,"remaining_time":0.3821167766},
{"learn":[114.4953882],"iteration":437,"passed_time":0.2973699738,"remaining_time":0.381556907},
{"learn":[114.2725395],"iteration":438,"passed_time":0.2979469469,"remaining_time":0.380747693},
{"learn":[114.0699795],"iteration":439,"passed_time":0.2986283735,"remaining_time":0.3800724754},
{"learn":[113.903034],"iteration":440,"passed_time":0.2992575108,"remaining_time":0.3793309491},
{"learn":[113.7803204],"iteration":441,"passed_time":0.2999997679,"remaining_time":0.3787327387},
{"learn":[113.5414653],"iteration":442,"passed_time":0.300649321,"remaining_time":0.3780173178},
{"learn":[113.3316428],"iteration":443,"passed_time":0.301262834,"remaining_time":0.3772570624},
{"learn":[113.1901892],"iteration":444,"passed_time":0.3019538018,"remaining_time":0.3765940675},
{"learn":[113.1523198],"iteration":445,"passed_time":0.3034880637,"remaining_time":0.3769784468},
{"learn":[113.0609579],"iteration":446,"passed_time":0.3042664857,"remaining_time":0.3764191647},
{"learn":[112.9344496],"iteration":447,"passed_time":0.3050526574,"remaining_time":0.3758684529},
{"learn":[112.6984496],"iteration":448,"passed_time":0.3057097101,"remaining_time":0.3751582411},
{"learn":[112.6457319],"iteration":449,"passed_time":0.3063951365,"remaining_time":0.3744829446},
{"learn":[112.6085331],"iteration":450,"passed_time":0.3070782713,"remaining_time":0.3738048137},
{"learn":[112.4797699],"iteration":451,"passed_time":0.3078109872,"remaining_time":0.3731867721},
{"learn":[112.3059552],"iteration":452,"passed_time":0.3085678269,"remaining_time":0.3725973539},
{"learn":[112.1010354],"iteration":453,"passed_time":0.3093944134,"remaining_time":0.3720910787},
{"learn":[111.9152224],"iteration":454,"passed_time":0.3102157918,"remaining_time":0.3715771572},
{"learn":[111.7340901],"iteration":455,"passed_time":0.3109597154,"remaining_time":0.3709694851},
{"learn":[111.6078342],"iteration":456,"passed_time":0.311569812,"remaining_time":0.3702022055},
{"learn":[111.4636786],"iteration":457,"passed_time":0.3122226149,"remaining_time":0.3694861513},
{"learn":[111.2903971],"iteration":458,"passed_time":0.3128233369,"remaining_time":0.3687089875},
{"learn":[111.1816617],"iteration":459,"passed_time":0.3135734686,"remaining_time":0.3681079849},
{"learn":[111.0332343],"iteration":460,"passed_time":0.3141432754,"remaining_time":0.3672954999},
{"learn":[110.8230885],"iteration":461,"passed_time":0.3148003698,"remaining_time":0.366585712},
{"learn":[110.7338012],"iteration":462,"passed_time":0.3155527097,"remaining_time":0.3659866201},
{"learn":[110.5953144],"iteration":463,"passed_time":0.3161809304,"remaining_time":0.3652434886},
{"learn":[110.5418405],"iteration":464,"passed_time":0.3169324787,"remaining_time":0.3646427443},
{"learn":[110.4616156],"iteration":465,"passed_time":0.3176941099,"remaining_time":0.364052907},
{"learn":[110.2364537],"iteration":466,"passed_time":0.3183062064,"remaining_time":0.3632916659},
{"learn":[110.1383331],"iteration":467,"passed_time":0.3189876329,"remaining_time":0.3626098733},
{"learn":[110.0280535],"iteration":468,"passed_time":0.3198093863,"remaining_time":0.3620869598},
{"learn":[109.9293221],"iteration":469,"passed_time":0.320602766,"remaining_time":0.3615307787},
{"learn":[109.8172485],"iteration":470,"passed_time":0.3212171957,"remaining_time":0.3607726041},
{"learn":[109.6421028],"iteration":471,"passed_time":0.3219314957,"remaining_time":0.3601267579},
{"learn":[109.5682389],"iteration":472,"passed_time":0.3227461661,"remaining_time":0.3595924514},
{"learn":[109.4480904],"iteration":473,"passed_time":0.3234730906,"remaining_time":0.3589595899},
{"learn":[109.3845012],"iteration":474,"passed_time":0.3240731043,"remaining_time":0.3581860626},
{"learn":[109.3728199],"iteration":475,"passed_time":0.3244221713,"remaining_time":0.3571370121},
{"learn":[109.3008378],"iteration":476,"passed_time":0.3251250969,"remaining_time":0.3564788798},
{"learn":[109.1761363],"iteration":477,"passed_time":0.3257728584,"remaining_time":0.3557603181},
{"learn":[109.0549165],"iteration":478,"passed_time":0.3264762839,"remaining_time":0.3551025969},
{"learn":[108.9872625],"iteration":479,"passed_time":0.3270997965,"remaining_time":0.3543581129},
{"learn":[108.9225536],"iteration":480,"passed_time":0.3279484653,"remaining_time":0.3538570759},
{"learn":[108.8260784],"iteration":481,"passed_time":0.3286998469,"remaining_time":0.353250043},
{"learn":[108.8178142],"iteration":482,"passed_time":0.3294537285,"remaining_time":0.3526450882},
{"learn":[108.6537945],"iteration":483,"passed_time":0.3301415714,"remaining_time":0.3519691133},
{"learn":[108.6230119],"iteration":484,"passed_time":0.3307695838,"remaining_time":0.3512295581},
{"learn":[108.5200549],"iteration":485,"passed_time":0.3313601396,"remaining_time":0.3504508473},
{"learn":[108.3965164],"iteration":486,"passed_time":0.331995485,"remaining_time":0.34972009},
{"learn":[108.2919871],"iteration":487,"passed_time":0.3327019938,"remaining_time":0.3490643869},
{"learn":[108.2277903],"iteration":488,"passed_time":0.3333362142,"remaining_time":0.3483329355},
{"learn":[108.0389901],"iteration":489,"passed_time":0.3341199277,"remaining_time":0.3477574757},
{"learn":[108.0161939],"iteration":490,"passed_time":0.3349215986,"remaining_time":0.3471997835},
{"learn":[107.902175],"iteration":491,"passed_time":0.3356439816,"remaining_time":0.3465592331},
{"learn":[107.7186453],"iteration":492,"passed_time":0.3363851138,"remaining_time":0.3459376322},
{"learn":[107.571756],"iteration":493,"passed_time":0.3371144131,"remaining_time":0.3453034272},
{"learn":[107.5398888],"iteration":494,"passed_time":0.3377788821,"remaining_time":0.3446026979},
{"learn":[107.3233885],"iteration":495,"passed_time":0.3384810577,"remaining_time":0.3439404296},
{"learn":[107.1926493],"iteration":496,"passed_time":0.3391795669,"remaining_time":0.34327429},
{"learn":[107.0446992],"iteration":497,"passed_time":0.3399604471,"remaining_time":0.3426910531},
{"learn":[106.9870006],"iteration":498,"passed_time":0.3407024542,"remaining_time":0.3420679951},
{"learn":[106.8905844],"iteration":499,"passed_time":0.3413648817,"remaining_time":0.3413648817},
{"learn":[106.8241047],"iteration":500,"passed_time":0.3420968476,"remaining_time":0.3407311915},
{"learn":[106.7210002],"iteration":501,"passed_time":0.3427603166,"remaining_time":0.3400291587},
{"learn":[106.6307135],"iteration":502,"passed_time":0.3435532797,"remaining_time":0.3394552286},
{"learn":[106.4266227],"iteration":503,"passed_time":0.344226665,"remaining_time":0.3387627496},
{"learn":[106.3816115],"iteration":504,"passed_time":0.3449524228,"remaining_time":0.3381216818},
{"learn":[106.2647057],"iteration":505,"passed_time":0.3456381825,"remaining_time":0.3374412296},
{"learn":[106.254438],"iteration":506,"passed_time":0.3464323538,"remaining_time":0.3368661744},
{"learn":[106.1680069],"iteration":507,"passed_time":0.3471615698,"remaining_time":0.3362273472},
{"learn":[105.9794326],"iteration":508,"passed_time":0.347723252,"remaining_time":0.3354265555},
{"learn":[105.7770404],"iteration":509,"passed_time":0.3483322653,"remaining_time":0.3346721764},
{"learn":[105.5935061],"iteration":510,"passed_time":0.3489980259,"remaining_time":0.3339726706},
{"learn":[105.5015822],"iteration":511,"passed_time":0.3497189506,"remaining_time":0.3333258748},
{"learn":[105.3474073],"iteration":512,"passed_time":0.3504980393,"remaining_time":0.3327340062},
{"learn":[105.1990346],"iteration":513,"passed_time":0.3510988863,"remaining_time":0.331972877},
{"learn":[104.9754045],"iteration":514,"passed_time":0.3519188898,"remaining_time":0.3314187603},
{"learn":[104.847622],"iteration":515,"passed_time":0.3525240282,"remaining_time":0.330662073},
{"learn":[104.725997],"iteration":516,"passed_time":0.3533583227,"remaining_time":0.3301200578},
{"learn":[104.6106173],"iteration":517,"passed_time":0.3540507488,"remaining_time":0.3294449052},
{"learn":[104.5256944],"iteration":518,"passed_time":0.3547829646,"remaining_time":0.3288065626},
{"learn":[104.4074731],"iteration":519,"passed_time":0.355412352,"remaining_time":0.3280729403},
{"learn":[104.3556289],"iteration":520,"passed_time":0.3561182357,"remaining_time":0.3274100478},
{"learn":[104.2304468],"iteration":521,"passed_time":0.3568676591,"remaining_time":0.3267868603},
{"learn":[104.1278326],"iteration":522,"passed_time":0.3575223786,"remaining_time":0.3260768157},
{"learn":[104.1012],"iteration":523,"passed_time":0.3583915048,"remaining_time":0.3255617486},
{"learn":[104.0161933],"iteration":524,"passed_time":0.3591848428,"remaining_time":0.3249767625},
{"learn":[103.8705512],"iteration":525,"passed_time":0.3599996382,"remaining_time":0.3244103203},
{"learn":[103.705533],"iteration":526,"passed_time":0.3607091468,"remaining_time":0.3237484372},
{"learn":[103.5045971],"iteration":527,"passed_time":0.3614607784,"remaining_time":0.3231240292},
{"learn":[103.4456127],"iteration":528,"passed_time":0.3621840364,"remaining_time":0.3224738774},
{"learn":[103.403552],"iteration":529,"passed_time":0.3628153403,"remaining_time":0.3217419055},
{"learn":[103.2728984],"iteration":530,"passed_time":0.3635185992,"remaining_time":0.3210738663},
{"learn":[103.1078295],"iteration":531,"passed_time":0.364222733,"remaining_time":0.3204064644},
{"learn":[102.9219645],"iteration":532,"passed_time":0.3650107796,"remaining_time":0.3198124467},
{"learn":[102.7432652],"iteration":533,"passed_time":0.3657481619,"remaining_time":0.3191734896},
{"learn":[102.6691742],"iteration":534,"passed_time":0.366381674,"remaining_time":0.3184438849},
{"learn":[102.5899351],"iteration":535,"passed_time":0.3670413516,"remaining_time":0.3177372895},
{"learn":[102.4747931],"iteration":536,"passed_time":0.3678040244,"remaining_time":0.317119671},
{"learn":[102.3532045],"iteration":537,"passed_time":0.3686562347,"remaining_time":0.3165784023},
{"learn":[102.2615224],"iteration":538,"passed_time":0.369364535,"remaining_time":0.3159128954},
{"learn":[102.1054325],"iteration":539,"passed_time":0.3701084587,"remaining_time":0.3152775759},
{"learn":[101.9897396],"iteration":540,"passed_time":0.3707663447,"remaining_time":0.3145688581},
{"learn":[101.9016029],"iteration":541,"passed_time":0.3713989402,"remaining_time":0.3138389569},
{"learn":[101.8070836],"iteration":542,"passed_time":0.3721531134,"remaining_time":0.3132117363},
{"learn":[101.7319378],"iteration":543,"passed_time":0.3728546224,"remaining_time":0.312539904},
{"learn":[101.62554],"iteration":544,"passed_time":0.3735300909,"remaining_time":0.3118462227},
{"learn":[101.5539227],"iteration":545,"passed_time":0.3741897268,"remaining_time":0.3111394432},
{"learn":[101.5494144],"iteration":546,"passed_time":0.3748537375,"remaining_time":0.310436459},
{"learn":[101.4789277],"iteration":547,"passed_time":0.3754544595,"remaining_time":0.3096814155},
{"learn":[101.3892313],"iteration":548,"passed_time":0.3761880503,"remaining_time":0.3090360851},
{"learn":[101.3233556],"iteration":549,"passed_time":0.3768652271,"remaining_time":0.3083442767},
{"learn":[101.1232845],"iteration":550,"passed_time":0.3776753977,"remaining_time":0.3077608957},
{"learn":[100.9296905],"iteration":551,"passed_time":0.3784651525,"remaining_time":0.3071601238},
{"learn":[100.7947767],"iteration":552,"passed_time":0.3791790359,"remaining_time":0.3064973401},
{"learn":[100.731279],"iteration":553,"passed_time":0.3799026272,"remaining_time":0.3058421872},
{"learn":[100.5666796],"iteration":554,"passed_time":0.3807361717,"remaining_time":0.3052749485},
{"learn":[100.3953375],"iteration":555,"passed_time":0.3813743919,"remaining_time":0.3045507734},
{"learn":[100.3093407],"iteration":556,"passed_time":0.3821050246,"remaining_time":0.3039004055},
{"learn":[100.3043731],"iteration":557,"passed_time":0.3827902426,"remaining_time":0.3032137764},
{"learn":[100.1513415],"iteration":558,"passed_time":0.3834199216,"remaining_time":0.3024833371},
{"learn":[99.96840105],"iteration":559,"passed_time":0.3840608501,"remaining_time":0.3017620965},
{"learn":[99.79075162],"iteration":560,"passed_time":0.3847110698,"remaining_time":0.3010484129},
{"learn":[99.71145723],"iteration":561,"passed_time":0.3853887882,"remaining_time":0.3003563865},
{"learn":[99.57153479],"iteration":562,"passed_time":0.3860569654,"remaining_time":0.2996570051},
{"learn":[99.49024535],"iteration":563,"passed_time":0.3869185086,"remaining_time":0.2991072158},
{"learn":[99.42215108],"iteration":564,"passed_time":0.3875582287,"remaining_time":0.2983855389},
{"learn":[99.30930672],"iteration":565,"passed_time":0.3882356972,"remaining_time":0.2976930964},
{"learn":[99.21670897],"iteration":566,"passed_time":0.3889579968,"remaining_time":0.2970349429},
{"learn":[99.10983664],"iteration":567,"passed_time":0.389741877,"remaining_time":0.2964233994},
{"learn":[99.04990016],"iteration":568,"passed_time":0.3903905967,"remaining_time":0.2957088703},
{"learn":[98.95873019],"iteration":569,"passed_time":0.3911231876,"remaining_time":0.2950578433},
{"learn":[98.8265269],"iteration":570,"passed_time":0.3918404875,"remaining_time":0.2943950423},
{"learn":[98.6793518],"iteration":571,"passed_time":0.3924329182,"remaining_time":0.2936386171},
{"learn":[98.62673424],"iteration":572,"passed_time":0.393124511,"remaining_time":0.29295666},
{"learn":[98.53822852],"iteration":573,"passed_time":0.393752815,"remaining_time":0.292227699},
{"learn":[98.43945195],"iteration":574,"passed_time":0.394405243,"remaining_time":0.2915169187},
{"learn":[98.28718081],"iteration":575,"passed_time":0.3949745914,"remaining_time":0.2907451853},
{"learn":[98.18882794],"iteration":576,"passed_time":0.3955978124,"remaining_time":0.2900136475},
{"learn":[98.01929782],"iteration":577,"passed_time":0.396286072,"remaining_time":0.2893299695},
{"learn":[97.95107198],"iteration":578,"passed_time":0.3970127881,"remaining_time":0.288674238},
{"learn":[97.78572256],"iteration":579,"passed_time":0.3977295047,"remaining_time":0.2880110206},
{"learn":[97.74493483],"iteration":580,"passed_time":0.3985097183,"remaining_time":0.2873934113},
{"learn":[97.58287455],"iteration":581,"passed_time":0.399173729,"remaining_time":0.2866917848},
{"learn":[97.40859425],"iteration":582,"passed_time":0.3998254487,"remaining_time":0.2859814959},
{"learn":[97.25343524],"iteration":583,"passed_time":0.4005249161,"remaining_time":0.2853054197},
{"learn":[97.14287212],"iteration":584,"passed_time":0.4010745154,"remaining_time":0.2845229469},
{"learn":[97.02746209],"iteration":585,"passed_time":0.4019683905,"remaining_time":0.2839844943},
{"learn":[96.8860074],"iteration":586,"passed_time":0.4026473171,"remaining_time":0.2832935979},
{"learn":[96.7964548],"iteration":587,"passed_time":0.4032523306,"remaining_time":0.2825509527},
{"learn":[96.71858524],"iteration":588,"passed_time":0.4038605523,"remaining_time":0.2818110136},
{"learn":[96.59981359],"iteration":589,"passed_time":0.4045671443,"remaining_time":0.28113988},
{"learn":[96.53644539],"iteration":590,"passed_time":0.4053290255,"remaining_time":0.280506889},
{"learn":[96.37304865],"iteration":591,"passed_time":0.406076324,"remaining_time":0.2798634125},
{"learn":[96.21292818],"iteration":592,"passed_time":0.4068209143,"remaining_time":0.279217727},
{"learn":[96.07174972],"iteration":593,"passed_time":0.4074710507,"remaining_time":0.2785071491},
{"learn":[95.93928508],"iteration":594,"passed_time":0.408214141,"remaining_time":0.2778600456},
{"learn":[95.84617346],"iteration":595,"passed_time":0.4088254459,"remaining_time":0.2771232888},
{"learn":[95.70618493],"iteration":596,"passed_time":0.4095352878,"remaining_time":0.276453469},
{"learn":[95.70213726],"iteration":597,"passed_time":0.4102062148,"remaining_time":0.2757573551},
{"learn":[95.56608125],"iteration":598,"passed_time":0.4109842203,"remaining_time":0.2751330089},
{"learn":[95.44144202],"iteration":599,"passed_time":0.4116356899,"remaining_time":0.2744237933},
{"learn":[95.2943649],"iteration":600,"passed_time":0.4123029088,"remaining_time":0.2737252256},
{"learn":[95.15774806],"iteration":601,"passed_time":0.4128328424,"remaining_time":0.2729359988},
{"learn":[95.15348246],"iteration":602,"passed_time":0.4135081026,"remaining_time":0.2722433113},
{"learn":[95.05338208],"iteration":603,"passed_time":0.414222486,"remaining_time":0.2715763319},
{"learn":[94.96880801],"iteration":604,"passed_time":0.4148585813,"remaining_time":0.270858082},
{"learn":[94.81514579],"iteration":605,"passed_time":0.4155788811,"remaining_time":0.2701948501},
{"learn":[94.72570647],"iteration":606,"passed_time":0.4163855935,"remaining_time":0.2695873777},
{"learn":[94.65675528],"iteration":607,"passed_time":0.4169173604,"remaining_time":0.2688019824},
{"learn":[94.51038302],"iteration":608,"passed_time":0.4175146242,"remaining_time":0.2680594714},
{"learn":[94.44076694],"iteration":609,"passed_time":0.4181979257,"remaining_time":0.2673724443},
{"learn":[94.35721312],"iteration":610,"passed_time":0.418791648,"remaining_time":0.2666283979},
{"learn":[94.28761338],"iteration":611,"passed_time":0.4194679499,"remaining_time":0.265937197},
{"learn":[94.18292626],"iteration":612,"passed_time":0.4207709725,"remaining_time":0.2656417069},
{"learn":[94.12371261],"iteration":613,"passed_time":0.4214279002,"remaining_time":0.2649367581},
{"learn":[94.02340742],"iteration":614,"passed_time":0.4221897397,"remaining_time":0.2642976419},
{"learn":[93.9620966],"iteration":615,"passed_time":0.4229766613,"remaining_time":0.2636737629},
{"learn":[93.83492823],"iteration":616,"passed_time":0.4236862533,"remaining_time":0.2630013533},
{"learn":[93.69334919],"iteration":617,"passed_time":0.4243270151,"remaining_time":0.2622862779},
{"learn":[93.62915519],"iteration":618,"passed_time":0.4249768181,"remaining_time":0.2615770076},
{"learn":[93.52389268],"iteration":619,"passed_time":0.4256400372,"remaining_time":0.2608761518},
{"learn":[93.38365192],"iteration":620,"passed_time":0.4262678413,"remaining_time":0.2601538033},
{"learn":[93.28287201],"iteration":621,"passed_time":0.4268846458,"remaining_time":0.2594250742},
{"learn":[93.17220267],"iteration":622,"passed_time":0.4275731554,"remaining_time":0.2587400957},
{"learn":[93.05317738],"iteration":623,"passed_time":0.4282363745,"remaining_time":0.2580398667},
{"learn":[92.96015632],"iteration":624,"passed_time":0.4289957141,"remaining_time":0.2573974285},
{"learn":[92.86795255],"iteration":625,"passed_time":0.4295719789,"remaining_time":0.2566452398},
{"learn":[92.78151466],"iteration":626,"passed_time":0.4302791543,"remaining_time":0.2559714905},
{"learn":[92.63871219],"iteration":627,"passed_time":0.4310856167,"remaining_time":0.2553564481},
{"learn":[92.60213646],"iteration":628,"passed_time":0.4317164623,"remaining_time":0.2546372139},
{"learn":[92.48060284],"iteration":629,"passed_time":0.432366432,"remaining_time":0.2539294918},
{"learn":[92.41480773],"iteration":630,"passed_time":0.4330365675,"remaining_time":0.2532337455},
{"learn":[92.29068177],"iteration":631,"passed_time":0.4337679084,"remaining_time":0.2525737188},
{"learn":[92.24192397],"iteration":632,"passed_time":0.4344656675,"remaining_time":0.2518939968},
{"learn":[92.12550471],"iteration":633,"passed_time":0.4351365946,"remaining_time":0.2511987281},
{"learn":[92.01966027],"iteration":634,"passed_time":0.4360233866,"remaining_time":0.2506276159},
{"learn":[91.93041908],"iteration":635,"passed_time":0.4367705184,"remaining_time":0.2499755797},
{"learn":[91.86977213],"iteration":636,"passed_time":0.4374216964,"remaining_time":0.2492685648},
{"learn":[91.76620804],"iteration":637,"passed_time":0.4381169973,"remaining_time":0.2485867602},
{"learn":[91.64638127],"iteration":638,"passed_time":0.4388682957,"remaining_time":0.2479365489},
{"learn":[91.54739691],"iteration":639,"passed_time":0.4395713046,"remaining_time":0.2472588588},
{"learn":[91.45380948],"iteration":640,"passed_time":0.4403571846,"remaining_time":0.2466275028},
{"learn":[91.37014564],"iteration":641,"passed_time":0.4410429443,"remaining_time":0.245939835},
{"learn":[91.31162306],"iteration":642,"passed_time":0.4415971685,"remaining_time":0.2451791433},
{"learn":[91.23452736],"iteration":643,"passed_time":0.4421848494,"remaining_time":0.2444375876},
{"learn":[91.1188458],"iteration":644,"passed_time":0.442909399,"remaining_time":0.2437718398},
{"learn":[91.11554736],"iteration":645,"passed_time":0.4435976169,"remaining_time":0.2430860006},
{"learn":[91.05205343],"iteration":646,"passed_time":0.4442430868,"remaining_time":0.242376831},
{"learn":[90.97895443],"iteration":647,"passed_time":0.4449451374,"remaining_time":0.2416985932},
{"learn":[90.90439794],"iteration":648,"passed_time":0.4456925193,"remaining_time":0.2410447986},
{"learn":[90.76605332],"iteration":649,"passed_time":0.446406486,"remaining_time":0.2403727232},
{"learn":[90.70500543],"iteration":650,"passed_time":0.4470506643,"remaining_time":0.2396631057},
{"learn":[90.63276805],"iteration":651,"passed_time":0.4476653857,"remaining_time":0.2389379666},
{"learn":[90.49201726],"iteration":652,"passed_time":0.4490562792,"remaining_time":0.2386256185},
{"learn":[90.44029786],"iteration":653,"passed_time":0.4498123689,"remaining_time":0.2379741279},
{"learn":[90.27069163],"iteration":654,"passed_time":0.4506245394,"remaining_time":0.2373518566},
{"learn":[90.19808034],"iteration":655,"passed_time":0.4514437096,"remaining_time":0.236732677},
{"learn":[90.14520023],"iteration":656,"passed_time":0.4523279183,"remaining_time":0.2361468432},
{"learn":[90.13516421],"iteration":657,"passed_time":0.4529823045,"remaining_time":0.2354406507},
{"learn":[90.033758],"iteration":658,"passed_time":0.4535509863,"remaining_time":0.2346902676},
{"learn":[89.88748565],"iteration":659,"passed_time":0.4542112056,"remaining_time":0.2339875908},
{"learn":[89.81260635],"iteration":660,"passed_time":0.4548660917,"remaining_time":0.2332823073},
{"learn":[89.74920359],"iteration":661,"passed_time":0.4555055202,"remaining_time":0.2325692838},
{"learn":[89.67508339],"iteration":662,"passed_time":0.4563613137,"remaining_time":0.2319664596},
{"learn":[89.6503862],"iteration":663,"passed_time":0.4570570729,"remaining_time":0.2312818923},
{"learn":[89.52593994],"iteration":664,"passed_time":0.4577132507,"remaining_time":0.2305773519},
{"learn":[89.42162801],"iteration":665,"passed_time":0.4583633037,"remaining_time":0.2298698851},
{"learn":[89.28069124],"iteration":666,"passed_time":0.4590411888,"remaining_time":0.2291764856},
{"learn":[89.18719088],"iteration":667,"passed_time":0.4605062872,"remaining_time":0.2288743823},
{"learn":[89.09587105],"iteration":668,"passed_time":0.4612622103,"remaining_time":0.2282179247},
{"learn":[89.07460695],"iteration":669,"passed_time":0.4620123837,"remaining_time":0.2275583382},
{"learn":[89.06256322],"iteration":670,"passed_time":0.4626752694,"remaining_time":0.2268556835},
{"learn":[88.94353211],"iteration":671,"passed_time":0.4634489834,"remaining_time":0.2262072419},
{"learn":[88.80625126],"iteration":672,"passed_time":0.4641438676,"remaining_time":0.2255201259},
{"learn":[88.78236729],"iteration":673,"passed_time":0.4648587927,"remaining_time":0.2248426801},
{"learn":[88.66625388],"iteration":674,"passed_time":0.4656975452,"remaining_time":0.224224744},
{"learn":[88.53089251],"iteration":675,"passed_time":0.4664939664,"remaining_time":0.2235858656},
{"learn":[88.51941328],"iteration":676,"passed_time":0.4671473527,"remaining_time":0.222878279},
{"learn":[88.44976825],"iteration":677,"passed_time":0.4678165715,"remaining_time":0.2221783717},
{"learn":[88.43964185],"iteration":678,"passed_time":0.4685583702,"remaining_time":0.2215128672},
{"learn":[88.36387536],"iteration":679,"passed_time":0.4692634624,"remaining_time":0.2208298646},
{"learn":[88.29592823],"iteration":680,"passed_time":0.4700271768,"remaining_time":0.2201742575},
{"learn":[88.16790214],"iteration":681,"passed_time":0.4707074367,"remaining_time":0.2194794206},
{"learn":[88.13767548],"iteration":682,"passed_time":0.4714309863,"remaining_time":0.2188047184},
{"learn":[88.05764941],"iteration":683,"passed_time":0.4721347452,"remaining_time":0.2181207302},
{"learn":[87.96847548],"iteration":684,"passed_time":0.4726869278,"remaining_time":0.2173669814},
{"learn":[87.90316234],"iteration":685,"passed_time":0.4733233148,"remaining_time":0.2166523628},
{"learn":[87.8960542],"iteration":686,"passed_time":0.4739607018,"remaining_time":0.2159384274},
{"learn":[87.84282989],"iteration":687,"passed_time":0.4746344204,"remaining_time":0.2152411906},
{"learn":[87.74078789],"iteration":688,"passed_time":0.475343304,"remaining_time":0.2145598948},
{"learn":[87.7375653],"iteration":689,"passed_time":0.4760346884,"remaining_time":0.2138706571},
{"learn":[87.72697988],"iteration":690,"passed_time":0.4767226564,"remaining_time":0.2131798854},
{"learn":[87.68457037],"iteration":691,"passed_time":0.4774275402,"remaining_time":0.2124966508},
{"learn":[87.6226826],"iteration":692,"passed_time":0.4780730101,"remaining_time":0.2117870333},
{"learn":[87.55041042],"iteration":693,"passed_time":0.4786609827,"remaining_time":0.2110522489},
{"learn":[87.43620787],"iteration":694,"passed_time":0.4793899487,"remaining_time":0.2103797617},
{"learn":[87.43310412],"iteration":695,"passed_time":0.4799687134,"remaining_time":0.209641507},
{"learn":[87.36604023],"iteration":696,"passed_time":0.4806600979,"remaining_time":0.2089526681},
{"learn":[87.26545182],"iteration":697,"passed_time":0.4814242706,"remaining_time":0.2082953148},
{"learn":[87.23637585],"iteration":698,"passed_time":0.4820758652,"remaining_time":0.207589178},
{"learn":[87.17012112],"iteration":699,"passed_time":0.4827642081,"remaining_time":0.2068989463},
{"learn":[87.07938386],"iteration":700,"passed_time":0.4834193026,"remaining_time":0.2061945385},
{"learn":[87.03943747],"iteration":701,"passed_time":0.4841100204,"remaining_time":0.2055053933},
{"learn":[86.95127181],"iteration":702,"passed_time":0.4848538191,"remaining_time":0.2048386689},
{"learn":[86.88778921],"iteration":703,"passed_time":0.4855514116,"remaining_time":0.204152298},
{"learn":[86.82509417],"iteration":704,"passed_time":0.4861891318,"remaining_time":0.2034408424},
{"learn":[86.77743231],"iteration":705,"passed_time":0.4869472215,"remaining_time":0.2027797211},
{"learn":[86.73393542],"iteration":706,"passed_time":0.4876307313,"remaining_time":0.2020874176},
{"learn":[86.72439105],"iteration":707,"passed_time":0.4882966586,"remaining_time":0.2013878875},
{"learn":[86.68781745],"iteration":708,"passed_time":0.4890227914,"remaining_time":0.2007131626},
{"learn":[86.65426781],"iteration":709,"passed_time":0.489632513,"remaining_time":0.1999907448},
{"learn":[86.57134829],"iteration":710,"passed_time":0.4903717286,"remaining_time":0.1993212793},
{"learn":[86.45642097],"iteration":711,"passed_time":0.4916890838,"remaining_time":0.1988854721},
{"learn":[86.33332548],"iteration":712,"passed_time":0.4923059718,"remaining_time":0.1981652369},
{"learn":[86.29313774],"iteration":713,"passed_time":0.4930049808,"remaining_time":0.1974781856},
{"learn":[86.21370003],"iteration":714,"passed_time":0.4936108276,"remaining_time":0.1967539662},
{"learn":[86.11026649],"iteration":715,"passed_time":0.4942774215,"remaining_time":0.1960541728},
{"learn":[86.06771021],"iteration":716,"passed_time":0.4949781389,"remaining_time":0.1953679405},
{"learn":[85.94782789],"iteration":717,"passed_time":0.4956001099,"remaining_time":0.1946507395},
{"learn":[85.85235],"iteration":718,"passed_time":0.4962402051,"remaining_time":0.1939408868},
{"learn":[85.73601276],"iteration":719,"passed_time":0.4969746708,"remaining_time":0.1932679275},
{"learn":[85.65135058],"iteration":720,"passed_time":0.4976704717,"remaining_time":0.1925798358},
{"learn":[85.58416494],"iteration":721,"passed_time":0.4983313159,"remaining_time":0.1918782629},
{"learn":[85.52103388],"iteration":722,"passed_time":0.4991924008,"remaining_time":0.1912535201},
{"learn":[85.44980247],"iteration":723,"passed_time":0.4998135802,"remaining_time":0.1905366687},
{"learn":[85.38463338],"iteration":724,"passed_time":0.5003798038,"remaining_time":0.1897992359},
{"learn":[85.32254157],"iteration":725,"passed_time":0.5009626933,"remaining_time":0.1890685647},
{"learn":[85.31570498],"iteration":726,"passed_time":0.5016205793,"remaining_time":0.1883664624},
{"learn":[85.27516954],"iteration":727,"passed_time":0.502356295,"remaining_time":0.1876935608},
{"learn":[85.23924848],"iteration":728,"passed_time":0.5031204677,"remaining_time":0.1870310655},
{"learn":[85.20306568],"iteration":729,"passed_time":0.5037226063,"remaining_time":0.1863083612},
{"learn":[85.16805466],"iteration":730,"passed_time":0.5045434431,"remaining_time":0.1856664654},
{"learn":[85.07216654],"iteration":731,"passed_time":0.5053115323,"remaining_time":0.1850047686},
{"learn":[85.00434578],"iteration":732,"passed_time":0.50593242,"remaining_time":0.1842891625},
{"learn":[84.91418713],"iteration":733,"passed_time":0.5067347993,"remaining_time":0.1836395867},
{"learn":[84.76548929],"iteration":734,"passed_time":0.5074853476,"remaining_time":0.1829709076},
{"learn":[84.75967287],"iteration":735,"passed_time":0.5081375672,"remaining_time":0.1822667361},
{"learn":[84.64285939],"iteration":736,"passed_time":0.5087499554,"remaining_time":0.1815484915},
{"learn":[84.52249684],"iteration":737,"passed_time":0.5093871757,"remaining_time":0.1808393496},
{"learn":[84.46775132],"iteration":738,"passed_time":0.5101559315,"remaining_time":0.1801768581},
{"learn":[84.38438238],"iteration":739,"passed_time":0.5109431865,"remaining_time":0.179520579},
{"learn":[84.33728929],"iteration":740,"passed_time":0.5116933598,"remaining_time":0.1788509854},
{"learn":[84.19802171],"iteration":741,"passed_time":0.5123846193,"remaining_time":0.1781606897},
{"learn":[84.10295073],"iteration":742,"passed_time":0.5130025488,"remaining_time":0.177445027},
{"learn":[84.00393824],"iteration":743,"passed_time":0.5136913917,"remaining_time":0.1767540273},
{"learn":[83.87917748],"iteration":744,"passed_time":0.514328237,"remaining_time":0.1760452355},
{"learn":[83.79822043],"iteration":745,"passed_time":0.5150902432,"remaining_time":0.1753792517},
{"learn":[83.75662383],"iteration":746,"passed_time":0.5158431664,"remaining_time":0.1747099345},
{"learn":[83.736114],"iteration":747,"passed_time":0.5166117973,"remaining_time":0.1740456857},
{"learn":[83.68218811],"iteration":748,"passed_time":0.5172455594,"remaining_time":0.1733359618},
{"learn":[83.63455528],"iteration":749,"passed_time":0.5179481517,"remaining_time":0.1726493839},
{"learn":[83.54245549],"iteration":750,"passed_time":0.5185452488,"remaining_time":0.1719277856},
{"learn":[83.45074055],"iteration":751,"passed_time":0.519228217,"remaining_time":0.1712348375},
{"learn":[83.38458339],"iteration":752,"passed_time":0.5198840614,"remaining_time":0.1705330188},
{"learn":[83.35984938],"iteration":753,"passed_time":0.5205909035,"remaining_time":0.1698479606},
{"learn":[83.30247872],"iteration":754,"passed_time":0.5212867044,"remaining_time":0.1691592617},
{"learn":[83.19713734],"iteration":755,"passed_time":0.5219680476,"remaining_time":0.1684658778},
{"learn":[83.12854649],"iteration":756,"passed_time":0.522696972,"remaining_time":0.1677877995},
{"learn":[83.07727877],"iteration":757,"passed_time":0.5233186097,"remaining_time":0.1670753345},
{"learn":[82.96093583],"iteration":758,"passed_time":0.5239699543,"remaining_time":0.1663725415},
{"learn":[82.88635185],"iteration":759,"passed_time":0.5246847543,"remaining_time":0.1656899224},
{"learn":[82.84390121],"iteration":760,"passed_time":0.5253504317,"remaining_time":0.1649917913},
{"learn":[82.7461425],"iteration":761,"passed_time":0.5261027716,"remaining_time":0.1643208132},
{"learn":[82.68135765],"iteration":762,"passed_time":0.5268906099,"remaining_time":0.1636606482},
{"learn":[82.62465695],"iteration":763,"passed_time":0.5275382047,"remaining_time":0.1629568276},
{"learn":[82.52048159],"iteration":764,"passed_time":0.5282590461,"remaining_time":0.1622756547},
{"learn":[82.41727747],"iteration":765,"passed_time":0.5292354173,"remaining_time":0.1616724382},
{"learn":[82.34220484],"iteration":766,"passed_time":0.5299641333,"remaining_time":0.1609930157},
{"learn":[82.3174418],"iteration":767,"passed_time":0.5306414767,"remaining_time":0.1602979461},
{"learn":[82.25698533],"iteration":768,"passed_time":0.5313536102,"remaining_time":0.1596133732},
{"learn":[82.21390229],"iteration":769,"passed_time":0.5320176209,"remaining_time":0.1589143543},
{"learn":[82.11286978],"iteration":770,"passed_time":0.5326407585,"remaining_time":0.1582032863},
{"learn":[82.0785957],"iteration":771,"passed_time":0.5333427258,"remaining_time":0.1575157273},
{"learn":[82.04178037],"iteration":772,"passed_time":0.5339747797,"remaining_time":0.1568076002},
{"learn":[81.98629961],"iteration":773,"passed_time":0.5346718722,"remaining_time":0.1561186604},
{"learn":[81.87649704],"iteration":774,"passed_time":0.5352494703,"remaining_time":0.1553950075},
{"learn":[81.8014039],"iteration":775,"passed_time":0.5359080229,"remaining_time":0.1546950994},
{"learn":[81.70759162],"iteration":776,"passed_time":0.5365754918,"remaining_time":0.1539978567},
{"learn":[81.6688747],"iteration":777,"passed_time":0.5372174202,"remaining_time":0.1532934027},
{"learn":[81.60992105],"iteration":778,"passed_time":0.537888639,"remaining_time":0.1525974188},
{"learn":[81.57001123],"iteration":779,"passed_time":0.5385688572,"remaining_time":0.1519040367},
{"learn":[81.50094462],"iteration":780,"passed_time":0.5393498209,"remaining_time":0.1512389382},
{"learn":[81.48334592],"iteration":781,"passed_time":0.5400104984,"remaining_time":0.1505400111},
{"learn":[81.36305211],"iteration":782,"passed_time":0.540713299,"remaining_time":0.1498528555},
{"learn":[81.32008035],"iteration":783,"passed_time":0.5413482277,"remaining_time":0.1491469607},
{"learn":[81.25888102],"iteration":784,"passed_time":0.5421558984,"remaining_time":0.1484885582},
{"learn":[81.22568004],"iteration":785,"passed_time":0.5428210341,"remaining_time":0.1477909686},
{"learn":[81.143398],"iteration":786,"passed_time":0.5434565461,"remaining_time":0.1470854439},
{"learn":[81.08853637],"iteration":787,"passed_time":0.5441132238,"remaining_time":0.1463857912},
{"learn":[81.0002956],"iteration":788,"passed_time":0.5448272322,"remaining_time":0.1457015792},
{"learn":[80.92393204],"iteration":789,"passed_time":0.5454418703,"remaining_time":0.1449908769},
{"learn":[80.88683262],"iteration":790,"passed_time":0.5459902197,"remaining_time":0.1442629025},
{"learn":[80.87019486],"iteration":791,"passed_time":0.5465627763,"remaining_time":0.1435417392},
{"learn":[80.8141134],"iteration":792,"passed_time":0.5472270787,"remaining_time":0.1428448995},
{"learn":[80.80645037],"iteration":793,"passed_time":0.5479065887,"remaining_time":0.1421520872},
{"learn":[80.77063589],"iteration":794,"passed_time":0.5486597203,"remaining_time":0.1414782927},
{"learn":[80.69288166],"iteration":795,"passed_time":0.549288441,"remaining_time":0.1407724145},
{"learn":[80.6716269],"iteration":796,"passed_time":0.5499523684,"remaining_time":0.1400756973},
{"learn":[80.58408223],"iteration":797,"passed_time":0.5506265453,"remaining_time":0.1393816568},
{"learn":[80.53798343],"iteration":798,"passed_time":0.5513044303,"remaining_time":0.1386885989},
{"learn":[80.48601708],"iteration":799,"passed_time":0.5520056893,"remaining_time":0.1380014223},
{"learn":[80.46900974],"iteration":800,"passed_time":0.5527005319,"remaining_time":0.1373126166},
{"learn":[80.42134423],"iteration":801,"passed_time":0.5533684175,"remaining_time":0.1366171405},
{"learn":[80.37718974],"iteration":802,"passed_time":0.5540738846,"remaining_time":0.135930953},
{"learn":[80.33744255],"iteration":803,"passed_time":0.554752728,"remaining_time":0.1352382272},
{"learn":[80.30337157],"iteration":804,"passed_time":0.5554006144,"remaining_time":0.134538037},
{"learn":[80.19329952],"iteration":805,"passed_time":0.5560984569,"remaining_time":0.1338500008},
{"learn":[80.17824398],"iteration":806,"passed_time":0.5567132616,"remaining_time":0.1331420811},
{"learn":[80.07330936],"iteration":807,"passed_time":0.557340149,"remaining_time":0.1324372631},
{"learn":[79.97150486],"iteration":808,"passed_time":0.5581098215,"remaining_time":0.1317663485},
{"learn":[79.88081469],"iteration":809,"passed_time":0.5587195848,"remaining_time":0.1310576804},
{"learn":[79.78236648],"iteration":810,"passed_time":0.5593662629,"remaining_time":0.1303578591},
{"learn":[79.67019603],"iteration":811,"passed_time":0.5601301857,"remaining_time":0.1296853139},
{"learn":[79.60914408],"iteration":812,"passed_time":0.5607220748,"remaining_time":0.1289729741},
{"learn":[79.5106426],"iteration":813,"passed_time":0.5614107927,"remaining_time":0.1282830558},
{"learn":[79.46484531],"iteration":814,"passed_time":0.5619920989,"remaining_time":0.1275687586},
{"learn":[79.38431789],"iteration":815,"passed_time":0.5625947791,"remaining_time":0.1268596071},
{"learn":[79.30665335],"iteration":816,"passed_time":0.563270956,"remaining_time":0.1261671786},
{"learn":[79.26175036],"iteration":817,"passed_time":0.5639580906,"remaining_time":0.125477228},
{"learn":[79.17468884],"iteration":818,"passed_time":0.564608352,"remaining_time":0.1247791352},
{"learn":[79.05077952],"iteration":819,"passed_time":0.565294695,"remaining_time":0.1240890794},
{"learn":[78.98763791],"iteration":820,"passed_time":0.5660136615,"remaining_time":0.1234061454},
{"learn":[78.87544892],"iteration":821,"passed_time":0.5667645015,"remaining_time":0.1227300259},
{"learn":[78.83811262],"iteration":822,"passed_time":0.5675189246,"remaining_time":0.1220544953},
{"learn":[78.78077271],"iteration":823,"passed_time":0.568312471,"remaining_time":0.1213871297},
{"learn":[78.71224838],"iteration":824,"passed_time":0.5690538531,"remaining_time":0.1207083931},
{"learn":[78.62002856],"iteration":825,"passed_time":0.5698003183,"remaining_time":0.1200305755},
{"learn":[78.5847568],"iteration":826,"passed_time":0.5704299556,"remaining_time":0.1193281528},
{"learn":[78.49518652],"iteration":827,"passed_time":0.571165463,"remaining_time":0.1186478981},
{"learn":[78.43187589],"iteration":828,"passed_time":0.5718060165,"remaining_time":0.1179479238},
{"learn":[78.38673364],"iteration":829,"passed_time":0.5725955214,"remaining_time":0.1172786008},
{"learn":[78.28988694],"iteration":830,"passed_time":0.573361069,"remaining_time":0.1166041163},
{"learn":[78.16684036],"iteration":831,"passed_time":0.574075744,"remaining_time":0.1159191406},
{"learn":[78.13027619],"iteration":832,"passed_time":0.5747906274,"remaining_time":0.1152341354},
{"learn":[78.036388],"iteration":833,"passed_time":0.5756356713,"remaining_time":0.1145749658},
{"learn":[78.00272721],"iteration":834,"passed_time":0.5764855901,"remaining_time":0.1139163142},
{"learn":[77.95635103],"iteration":835,"passed_time":0.5771961403,"remaining_time":0.1132298648},
{"learn":[77.90259002],"iteration":836,"passed_time":0.5778651091,"remaining_time":0.1125352602},
{"learn":[77.87162729],"iteration":837,"passed_time":0.5786131576,"remaining_time":0.1118560042},
{"learn":[77.79067007],"iteration":838,"passed_time":0.5794252447,"remaining_time":0.1111888729},
{"learn":[77.77845215],"iteration":839,"passed_time":0.5801209206,"remaining_time":0.110499223},
{"learn":[77.71490589],"iteration":840,"passed_time":0.5808624694,"remaining_time":0.1098182314},
{"learn":[77.61336897],"iteration":841,"passed_time":0.5815754362,"remaining_time":0.1091317327},
{"learn":[77.52809919],"iteration":842,"passed_time":0.5822689455,"remaining_time":0.1084415474},
{"learn":[77.45267688],"iteration":843,"passed_time":0.5829922868,"remaining_time":0.1077568682},
{"learn":[77.37130647],"iteration":844,"passed_time":0.5837721255,"remaining_time":0.1070824609},
{"learn":[77.34150737],"iteration":845,"passed_time":0.5845514225,"remaining_time":0.1064077057},
{"learn":[77.27776656],"iteration":846,"passed_time":0.5851508529,"remaining_time":0.1057002131},
{"learn":[77.22344202],"iteration":847,"passed_time":0.5858387375,"remaining_time":0.1050088303},
{"learn":[77.16081199],"iteration":848,"passed_time":0.5865814112,"remaining_time":0.1043272003},
{"learn":[77.13285938],"iteration":849,"passed_time":0.587292628,"remaining_time":0.1036398755},
{"learn":[77.07586041],"iteration":850,"passed_time":0.5879602219,"remaining_time":0.1029448567},
{"learn":[77.04000977],"iteration":851,"passed_time":0.5886121499,"remaining_time":0.102247181},
{"learn":[76.97727763],"iteration":852,"passed_time":0.5893297831,"remaining_time":0.1015609357},
{"learn":[76.92694111],"iteration":853,"passed_time":0.5899811277,"remaining_time":0.1008632841},
{"learn":[76.85032934],"iteration":854,"passed_time":0.5906219729,"remaining_time":0.1001639603},
{"learn":[76.80423067],"iteration":855,"passed_time":0.5918082926,"remaining_time":0.0995565352},
{"learn":[76.72438073],"iteration":856,"passed_time":0.5925458415,"remaining_time":0.09887287671},
{"learn":[76.67083666],"iteration":857,"passed_time":0.5931779371,"remaining_time":0.09817163994},
{"learn":[76.65418848],"iteration":858,"passed_time":0.5936988295,"remaining_time":0.09745231077},
{"learn":[76.64872762],"iteration":859,"passed_time":0.5944054215,"remaining_time":0.09676367327},
{"learn":[76.62973265],"iteration":860,"passed_time":0.595096181,"remaining_time":0.09607243805},
{"learn":[76.61424222],"iteration":861,"passed_time":0.595698153,"remaining_time":0.09536698968},
{"learn":[76.53241887],"iteration":862,"passed_time":0.5962889171,"remaining_time":0.0946600019},
{"learn":[76.46069924],"iteration":863,"passed_time":0.5975025272,"remaining_time":0.09405132372},
{"learn":[76.43115792],"iteration":864,"passed_time":0.5981389559,"remaining_time":0.09335116652},
{"learn":[76.38868638],"iteration":865,"passed_time":0.5987573437,"remaining_time":0.09264836496},
{"learn":[76.34552884],"iteration":866,"passed_time":0.5995272245,"remaining_time":0.09196899753},
{"learn":[76.28413383],"iteration":867,"passed_time":0.6003431031,"remaining_time":0.09129641661},
{"learn":[76.18956712],"iteration":868,"passed_time":0.6010852769,"remaining_time":0.09061239502},
{"learn":[76.13801014],"iteration":869,"passed_time":0.6019039887,"remaining_time":0.08993967648},
{"learn":[76.11381461],"iteration":870,"passed_time":0.6026317048,"remaining_time":0.08925314572},
{"learn":[76.09621582],"iteration":871,"passed_time":0.6033632957,"remaining_time":0.08856708928},
{"learn":[75.99504067],"iteration":872,"passed_time":0.6041262601,"remaining_time":0.0878854926},
{"learn":[75.95890525],"iteration":873,"passed_time":0.6048592677,"remaining_time":0.08719939099},
{"learn":[75.91232364],"iteration":874,"passed_time":0.6054807387,"remaining_time":0.08649724838},
{"learn":[75.87146426],"iteration":875,"passed_time":0.606124042,"remaining_time":0.08579838038},
{"learn":[75.86640976],"iteration":876,"passed_time":0.6068054269,"remaining_time":0.08510498006},
{"learn":[75.78043365],"iteration":877,"passed_time":0.6075183521,"remaining_time":0.08441598969},
{"learn":[75.75545807],"iteration":878,"passed_time":0.6081809878,"remaining_time":0.08372002222},
{"learn":[75.6803796],"iteration":879,"passed_time":0.6089519102,"remaining_time":0.08303889685},
{"learn":[75.65022526],"iteration":880,"passed_time":0.6096615855,"remaining_time":0.08234929475},
{"learn":[75.62343941],"iteration":881,"passed_time":0.610988482,"remaining_time":0.08174222321},
{"learn":[75.54597621],"iteration":882,"passed_time":0.6116460347,"remaining_time":0.08104483132},
{"learn":[75.40817187],"iteration":883,"passed_time":0.6124720795,"remaining_time":0.08036963939},
{"learn":[75.32441185],"iteration":884,"passed_time":0.6130584688,"remaining_time":0.07966296488},
{"learn":[75.26683776],"iteration":885,"passed_time":0.6137680608,"remaining_time":0.07897241414},
{"learn":[75.21829577],"iteration":886,"passed_time":0.6151519963,"remaining_time":0.07836772895},
{"learn":[75.14816271],"iteration":887,"passed_time":0.6157575514,"remaining_time":0.07766311459},
{"learn":[75.03881645],"iteration":888,"passed_time":0.6171976509,"remaining_time":0.07706292379},
{"learn":[74.9868175],"iteration":889,"passed_time":0.6179536574,"remaining_time":0.07637629473},
{"learn":[74.93656657],"iteration":890,"passed_time":0.6186255427,"remaining_time":0.07567921903},
{"learn":[74.85781375],"iteration":891,"passed_time":0.619376591,"remaining_time":0.07499178457},
{"learn":[74.79536507],"iteration":892,"passed_time":0.6200468931,"remaining_time":0.07429453255},
{"learn":[74.69665834],"iteration":893,"passed_time":0.620730278,"remaining_time":0.07359889202},
{"learn":[74.69211387],"iteration":894,"passed_time":0.6213348331,"remaining_time":0.0728940307},
{"learn":[74.6177734],"iteration":895,"passed_time":0.6220297174,"remaining_time":0.07219987791},
{"learn":[74.53483766],"iteration":896,"passed_time":0.6227368511,"remaining_time":0.07150713006},
{"learn":[74.52987015],"iteration":897,"passed_time":0.6233883624,"remaining_time":0.07080803225},
{"learn":[74.46404652],"iteration":898,"passed_time":0.6241242031,"remaining_time":0.07011851448},
{"learn":[74.41114583],"iteration":899,"passed_time":0.6248789179,"remaining_time":0.06943099088},
{"learn":[74.3382665],"iteration":900,"passed_time":0.6256900468,"remaining_time":0.0687495168},
{"learn":[74.33415471],"iteration":901,"passed_time":0.6263595156,"remaining_time":0.06805236422},
{"learn":[74.27136198],"iteration":902,"passed_time":0.6269837365,"remaining_time":0.06735041245},
{"learn":[74.20562873],"iteration":903,"passed_time":0.6278184893,"remaining_time":0.06667099001},
{"learn":[74.11231635],"iteration":904,"passed_time":0.6284492932,"remaining_time":0.06596981531},
{"learn":[74.03142525],"iteration":905,"passed_time":0.6291442191,"remaining_time":0.06527544878},
{"learn":[73.95362996],"iteration":906,"passed_time":0.6297748981,"remaining_time":0.06457449341},
{"learn":[73.91246925],"iteration":907,"passed_time":0.6304556997,"remaining_time":0.06387877133},
{"learn":[73.81557354],"iteration":908,"passed_time":0.6311720413,"remaining_time":0.06318664},
{"learn":[73.76858568],"iteration":909,"passed_time":0.6319192148,"remaining_time":0.06249750476},
{"learn":[73.66940817],"iteration":910,"passed_time":0.6326568054,"remaining_time":0.06180730591},
{"learn":[73.60237133],"iteration":911,"passed_time":0.6334153117,"remaining_time":0.06111902131},
{"learn":[73.54250549],"iteration":912,"passed_time":0.6341022381,"remaining_time":0.06042376201},
{"learn":[73.52751327],"iteration":913,"passed_time":0.6348368705,"remaining_time":0.0597330097},
{"learn":[73.51637429],"iteration":914,"passed_time":0.6356381248,"remaining_time":0.05904835039},
{"learn":[73.43832484],"iteration":915,"passed_time":0.6363141766,"remaining_time":0.05835195506},
{"learn":[73.38501595],"iteration":916,"passed_time":0.6369943949,"remaining_time":0.05765598122},
{"learn":[73.34543227],"iteration":917,"passed_time":0.6376274488,"remaining_time":0.05695582876},
{"learn":[73.25387813],"iteration":918,"passed_time":0.6383897466,"remaining_time":0.05626721379},
{"learn":[73.22257455],"iteration":919,"passed_time":0.639131212,"remaining_time":0.05557662713},
{"learn":[73.21813702],"iteration":920,"passed_time":0.6399262583,"remaining_time":0.05489052595},
{"learn":[73.17921329],"iteration":921,"passed_time":0.6407392621,"remaining_time":0.05420570764},
{"learn":[73.17344857],"iteration":922,"passed_time":0.6414227719,"remaining_time":0.0535098087},
{"learn":[73.12252911],"iteration":923,"passed_time":0.6421785283,"remaining_time":0.05281987895},
{"learn":[73.04326836],"iteration":924,"passed_time":0.6429456176,"remaining_time":0.05213072575},
{"learn":[72.99153309],"iteration":925,"passed_time":0.643671917,"remaining_time":0.05143814456},
{"learn":[72.91105615],"iteration":926,"passed_time":0.6444249653,"remaining_time":0.05074759705},
{"learn":[72.89935207],"iteration":927,"passed_time":0.6449705232,"remaining_time":0.05004081645},
{"learn":[72.85499619],"iteration":928,"passed_time":0.6457124469,"remaining_time":0.04934939046},
{"learn":[72.81331329],"iteration":929,"passed_time":0.6464314968,"remaining_time":0.04865613416},
{"learn":[72.78363241],"iteration":930,"passed_time":0.6472062523,"remaining_time":0.04796695103},
{"learn":[72.7165693],"iteration":931,"passed_time":0.6479108028,"remaining_time":0.04727246201},
{"learn":[72.66100133],"iteration":932,"passed_time":0.6485397735,"remaining_time":0.04657252393},
{"learn":[72.55667063],"iteration":933,"passed_time":0.6493340281,"remaining_time":0.04588441741},
{"learn":[72.505381],"iteration":934,"passed_time":0.6499679986,"remaining_time":0.04518494108},
{"learn":[72.42573041],"iteration":935,"passed_time":0.650645967,"remaining_time":0.04448861313},
{"learn":[72.37709841],"iteration":936,"passed_time":0.6513334766,"remaining_time":0.04379296588},
{"learn":[72.37140526],"iteration":937,"passed_time":0.6519904877,"remaining_time":0.04309532008},
{"learn":[72.35506596],"iteration":938,"passed_time":0.6526615814,"remaining_time":0.04239867568},
{"learn":[72.33561632],"iteration":939,"passed_time":0.6532901354,"remaining_time":0.04169937035},
{"learn":[72.28636959],"iteration":940,"passed_time":0.6541109722,"remaining_time":0.04101227137},
{"learn":[72.19909816],"iteration":941,"passed_time":0.6548605206,"remaining_time":0.04032049914},
{"learn":[72.18474593],"iteration":942,"passed_time":0.6555478219,"remaining_time":0.03962484183},
{"learn":[72.15538942],"iteration":943,"passed_time":0.6562520807,"remaining_time":0.03893020818},
{"learn":[72.13476299],"iteration":944,"passed_time":0.6570115453,"remaining_time":0.03823876719},
{"learn":[72.11383942],"iteration":945,"passed_time":0.6578302988,"remaining_time":0.03755056674},
{"learn":[72.05121913],"iteration":946,"passed_time":0.6584487283,"remaining_time":0.0368508792},
{"learn":[71.97560779],"iteration":947,"passed_time":0.6590307012,"remaining_time":0.03614936336},
{"learn":[71.91055248],"iteration":948,"passed_time":0.659707128,"remaining_time":0.03545317548},
{"learn":[71.86002747],"iteration":949,"passed_time":0.660401304,"remaining_time":0.03475796337},
{"learn":[71.84862813],"iteration":950,"passed_time":0.6609873184,"remaining_time":0.03405718044},
{"learn":[71.75143334],"iteration":951,"passed_time":0.6617344085,"remaining_time":0.03336476009},
{"learn":[71.69685612],"iteration":952,"passed_time":0.6624081688,"remaining_time":0.03266860853},
{"learn":[71.62499223],"iteration":953,"passed_time":0.6630164321,"remaining_time":0.03196934578},
{"learn":[71.56605434],"iteration":954,"passed_time":0.6636992336,"remaining_time":0.03127378588},
{"learn":[71.52863993],"iteration":955,"passed_time":0.6644088256,"remaining_time":0.0305794857},
{"learn":[71.49246356],"iteration":956,"passed_time":0.6651436246,"remaining_time":0.02988628616},
{"learn":[71.48797916],"iteration":957,"passed_time":0.6657186395,"remaining_time":0.02918599463},
{"learn":[71.46368724],"iteration":958,"passed_time":0.6664248149,"remaining_time":0.02849157186},
{"learn":[71.41230829],"iteration":959,"passed_time":0.6672582344,"remaining_time":0.02780242643},
{"learn":[71.36871134],"iteration":960,"passed_time":0.6679623266,"remaining_time":0.0271077323},
{"learn":[71.36419572],"iteration":961,"passed_time":0.6686596691,"remaining_time":0.026412752},
{"learn":[71.28604549],"iteration":962,"passed_time":0.6693725109,"remaining_time":0.02571836231},
{"learn":[71.21639859],"iteration":963,"passed_time":0.6700723533,"remaining_time":0.02502344888},
{"learn":[71.19106542],"iteration":964,"passed_time":0.6708116521,"remaining_time":0.0243299563},
{"learn":[71.13718806],"iteration":965,"passed_time":0.6716651957,"remaining_time":0.02364038991},
{"learn":[71.06799479],"iteration":966,"passed_time":0.6723829122,"remaining_time":0.02294584913},
{"learn":[71.01455972],"iteration":967,"passed_time":0.6737061006,"remaining_time":0.02227127605},
{"learn":[70.96417448],"iteration":968,"passed_time":0.6743330297,"remaining_time":0.0215730897},
{"learn":[70.92511424],"iteration":969,"passed_time":0.6750977857,"remaining_time":0.02087931296},
{"learn":[70.88661449],"iteration":970,"passed_time":0.6757342144,"remaining_time":0.02018155738},
{"learn":[70.84734329],"iteration":971,"passed_time":0.6763652683,"remaining_time":0.01948377316},
{"learn":[70.82850134],"iteration":972,"passed_time":0.6771593563,"remaining_time":0.01879065017},
{"learn":[70.79528539],"iteration":973,"passed_time":0.6779039883,"remaining_time":0.01809599969},
{"learn":[70.72757906],"iteration":974,"passed_time":0.6785549579,"remaining_time":0.01739884507},
{"learn":[70.69057645],"iteration":975,"passed_time":0.6792400093,"remaining_time":0.01670262318},
{"learn":[70.64137017],"iteration":976,"passed_time":0.6801736741,"remaining_time":0.01601227687},
{"learn":[70.54427472],"iteration":977,"passed_time":0.6808598922,"remaining_time":0.01531586669},
{"learn":[70.49204567],"iteration":978,"passed_time":0.6815976494,"remaining_time":0.01462058288},
{"learn":[70.45427124],"iteration":979,"passed_time":0.6822999084,"remaining_time":0.01392448793},
{"learn":[70.3911342],"iteration":980,"passed_time":0.6831399942,"remaining_time":0.01323104984},
{"learn":[70.31748463],"iteration":981,"passed_time":0.6838109213,"remaining_time":0.01253421241},
{"learn":[70.26067576],"iteration":982,"passed_time":0.6844476833,"remaining_time":0.01183683684},
{"learn":[70.23011865],"iteration":983,"passed_time":0.6851649415,"remaining_time":0.01114089336},
{"learn":[70.16065106],"iteration":984,"passed_time":0.685927906,"remaining_time":0.01044560263},
{"learn":[70.08952877],"iteration":985,"passed_time":0.6866933286,"remaining_time":0.009750209534},
{"learn":[70.08667098],"iteration":986,"passed_time":0.6874140867,"remaining_time":0.009054086248},
{"learn":[70.06121167],"iteration":987,"passed_time":0.6880714727,"remaining_time":0.008357143393},
{"learn":[69.97896863],"iteration":988,"passed_time":0.6887796064,"remaining_time":0.007660844965},
{"learn":[69.91461606],"iteration":989,"passed_time":0.6895446541,"remaining_time":0.006965097516},
{"learn":[69.82115052],"iteration":990,"passed_time":0.6902777032,"remaining_time":0.006268919605},
{"learn":[69.75889736],"iteration":991,"passed_time":0.6910491256,"remaining_time":0.005572976819},
{"learn":[69.73729475],"iteration":992,"passed_time":0.6917320104,"remaining_time":0.004876257878},
{"learn":[69.67131197],"iteration":993,"passed_time":0.6924348943,"remaining_time":0.004179687491},
{"learn":[69.61437073],"iteration":994,"passed_time":0.693049949,"remaining_time":0.00348266306},
{"learn":[69.57880984],"iteration":995,"passed_time":0.6936537542,"remaining_time":0.002785758049},
{"learn":[69.54952162],"iteration":996,"passed_time":0.6943530133,"remaining_time":0.002089327021},
{"learn":[69.49902974],"iteration":997,"passed_time":0.6950141075,"remaining_time":0.001392813843},
{"learn":[69.475405],"iteration":998,"passed_time":0.6957759053,"remaining_time":0.0006964723777},
{"learn":[69.44679217],"iteration":999,"passed_time":0.6963987096,"remaining_time":0}
]}